book_id,book
10,10_Pride and Prejudice
100,100_The Poisonwood Bible
1001,1001_The Dinner
1002,1002_Champion (Legend, #3)
1005,1005_White Teeth
1006,1006_American Sniper: The Autobiography of the Most Lethal Sniper in U.S. Military History
1007,1007_My Horizontal Life: A Collection of One-Night Stands
1008,1008_The Power of Six (Lorien Legacies, #2)
1009,1009_The Interestings
101,101_Me Talk Pretty One Day
1010,1010_The Essential Calvin and Hobbes: A Calvin and Hobbes Treasury
1011,1011_People of the Book
1012,1012_The Secret Keeper
1013,1013_Better Homes and Gardens New Cook Book
1014,1014_So Long, and Thanks for All the Fish (Hitchhiker's Guide to the Galaxy, #4)
1018,1018_Royal Assassin (Farseer Trilogy, #2)
1019,1019_Childhood's End
1020,1020_The Tale of Despereaux
1024,1024_The Sweetness at the Bottom of the Pie (Flavia de Luce, #1)
1025,1025_Blue Like Jazz: Nonreligious Thoughts on Christian Spirituality
1026,1026_A Breath of Snow and Ashes (Outlander, #6)
1028,1028_Truly Madly Guilty
1029,1029_Saga, Vol. 1 (Saga, #1)
103,103_The Count of Monte Cristo
1030,1030_The Art of Fielding
1034,1034_Grave Peril (The Dresden Files, #3)
1035,1035_Einstein: His Life and Universe
1036,1036_Effortless (Thoughtless, #2)
1037,1037_The Street Lawyer
1038,1038_Roll of Thunder, Hear My Cry (Logans, #4)
1040,1040_Let's Explore Diabetes with Owls
1043,1043_Rodrick Rules (Diary of a Wimpy Kid, #2)
1044,1044_Why Not Me?
1045,1045_Four: A Divergent Story Collection (Divergent, #0.1 - 0.4)
1047,1047_The One and Only Ivan
1050,1050_The Knife of Never Letting Go (Chaos Walking, #1)
1051,1051_One Thousand White Women: The Journals of May Dodd (One Thousand White Women#1)
1052,1052_Handle with Care
1053,1053_Song of Susannah (The Dark Tower, #6)
1057,1057_The Testament
106,106_Bossypants
1061,1061_The Witch of Blackbird Pond
1063,1063_Shopaholic Ties the Knot (Shopaholic, #3)
1064,1064_The Woman in White
1065,1065_Career of Evil (Cormoran Strike, #3)
1067,1067_Four to Score (Stephanie Plum, #4)
1072,1072_Heart of the Matter
1074,1074_The Sirens of Titan
1075,1075_Dolores Claiborne
1076,1076_The Nest
1077,1077_Fables, Vol. 1: Legends in Exile
1084,1084_To the Lighthouse
1085,1085_Five Point Someone
1086,1086_Guilty Pleasures (Anita Blake, Vampire Hunter, #1)
1087,1087_I Am the Messenger
1088,1088_Far from the Madding Crowd
1089,1089_Equal Rites (Discworld, #3; Witches #1)
1092,1092_Sycamore Row
1095,1095_Life As We Knew It (Last Survivors, #1)
1097,1097_90 Minutes in Heaven: A True Story of Death and Life
110,110_A Clash of Kings  (A Song of Ice and Fire, #2)
1100,1100_Kane and Abel (Kane and Abel, #1)
1103,1103_Sam's Letters to Jennifer
111,111_The Memory Keeper's Daughter
1111,1111_Mr. Maybe
1114,1114_North and South
1116,1116_The Immortals of Meluha (Shiva Trilogy, #1)
1118,1118_Requiem (Delirium, #3)
1122,1122_Finale (Hush, Hush, #4)
1123,1123_Skeleton Crew
1124,1124_Lullaby
1133,1133_The English Patient
1137,1137_The Eternity Code (Artemis Fowl, #3)
1138,1138_Tell No One
1139,1139_The Tommyknockers
114,114_Tuesdays with Morrie
1141,1141_Steal Like an Artist: 10 Things Nobody Told You About Being Creative
1142,1142_Cryptonomicon
1145,1145_We Were the Mulvaneys
1150,1150_Absolute Power
1151,1151_Hot Six (Stephanie Plum, #6)
1153,1153_A Dirty Job (Grim Reaper, #1)
1156,1156_I Am America (And So Can You!)
1157,1157_The One Minute Manager
1163,1163_The Miserable Mill (A Series of Unfortunate Events, #4)
1164,1164_The Snow Child
1171,1171_The Birth of Venus
1172,1172_The Opal Deception  (Artemis Fowl, #4)
1175,1175_The Goose Girl (The Books of Bayern, #1)
1177,1177_Warm Bodies (Warm Bodies, #1)
118,118_The Joy Luck Club
1186,1186_The Glass Menagerie
1187,1187_My Brilliant Friend (The Neapolitan Novels #1)
1190,1190_Rules of Civility
1191,1191_Ringworld (Ringworld, #1)
1194,1194_Dog Days (Diary of a Wimpy Kid, #4)
1197,1197_Free Four: Tobias Tells the Divergent Knife-Throwing Scene (Divergent, #1.5)
1198,1198_A Little Life
12,12_Divergent (Divergent, #1)
120,120_The Sisterhood of the Traveling Pants (Sisterhood, #1)
1205,1205_Hard-Boiled Wonderland and the End of the World
1206,1206_By the River Piedra I Sat Down and Wept
121,121_Lolita
1210,1210_Anne of Avonlea (Anne of Green Gables, #2)
1212,1212_We Are All Completely Beside Ourselves
1213,1213_Children of the Mind (Ender's Saga, #4)
1214,1214_Ulysses
1216,1216_Moloka'i
1217,1217_The Witching Hour (Lives of the Mayfair Witches, #1)
1219,1219_The Coincidence of Callie & Kayden (The Coincidence, #1)
1220,1220_Fates and Furies
1221,1221_Summer Sisters
1222,1222_Stuart Little
1223,1223_The Foundation Trilogy (Foundation, #1-3)
1224,1224_The Elegant Universe: Superstrings, Hidden Dimensions, and the Quest for the Ultimate Theory
1225,1225_The Austere Academy (A Series of Unfortunate Events, #5)
1226,1226_Seven Up (Stephanie Plum, #7)
1227,1227_The Awakening (Darkest Powers, #2)
1228,1228_Death Masks (The Dresden Files, #5)
1233,1233_The Vile Village (A Series of Unfortunate Events, #7)
1234,1234_Sybil: The Classic True Story of a Woman Possessed by Sixteen Personalities
1236,1236_Haunted
1239,1239_Chronicle of a Death Foretold
1241,1241_Killing Lincoln: The Shocking Assassination that Changed America Forever
1242,1242_The Lowland
1243,1243_The Ruins of Gorlan (Ranger's Apprentice, #1)
1244,1244_Wintergirls
1245,1245_The Brethren
1248,1248_The Talisman (The Talisman, #1)
1249,1249_The Path of Daggers (Wheel of Time, #8)
1251,1251_The Reckoning (Darkest Powers, #3)
1253,1253_Mary Poppins (Mary Poppins, #1)
1256,1256_City of Thieves
1258,1258_The Twits
1259,1259_Abhorsen (Abhorsen, #3)
126,126_Dune (Dune Chronicles #1)
1261,1261_The Eyes of the Dragon
1263,1263_Leviathan Wakes (The Expanse, #1)
1265,1265_Maus II: A Survivor's Tale: And Here My Troubles Began (Maus, #2)
1267,1267_To the Nines (Stephanie Plum, #9)
1268,1268_Where We Belong
1269,1269_The Hot Zone: The Terrifying True Story of the Origins of the Ebola Virus
1270,1270_Sputnik Sweetheart
1272,1272_Eats, Shoots & Leaves: The Zero Tolerance Approach to Punctuation
1273,1273_Dead Witch Walking (The Hollows, #1)
1274,1274_The Night Before Christmas
1275,1275_An Echo in the Bone (Outlander, #7)
1280,1280_The Aeneid
1282,1282_After Dark
1284,1284_It's Not Summer Without You (Summer, #2)
1287,1287_Miss Nelson Is Missing! (Miss Nelson, #1)
1289,1289_The Ersatz Elevator (A Series of Unfortunate Events, #6)
129,129_One Flew Over the Cuckoo's Nest
1290,1290_Messenger (The Giver, #3)
1291,1291_Lover Revealed (Black Dagger Brotherhood, #4)
1292,1292_'Salem's Lot
1294,1294_god is Not Great: How Religion Poisons Everything
1295,1295_Never Too Far (Rosemary Beach, #2; Too Far, #2)
1298,1298_The Golem's Eye (Bartimaeus, #2)
1299,1299_Still Life with Woodpecker
13,13_1984
130,130_The Old Man and the Sea
1300,1300_Those Who Save Us
1304,1304_Blood Rites (The Dresden Files, #6)
1305,1305_The Boxcar Children (The Boxcar Children, #1)
131,131_The Grapes of Wrath
1310,1310_Unaccustomed Earth
1311,1311_The Pilot's Wife
1312,1312_White Noise
1316,1316_The Story of Edgar Sawtelle
1320,1320_The Complete Sherlock Holmes, Vol 2
1321,1321_One Piece, Volume 01: Romance Dawn (One Piece, #1)
1322,1322_The Last Unicorn (The Last Unicorn, #1)
1324,1324_Fever 1793
1325,1325_The Likeness (Dublin Murder Squad, #2)
1327,1327_The Jungle Book
1328,1328_I Am Pilgrim (Pilgrim, #1)
1329,1329_Howl and Other Poems
1330,1330_Don't Sweat the Small Stuff ... and it's all small stuff: Simple Ways to Keep the Little Things from Taking Over Your Life
1331,1331_Go the Fuck to Sleep
1333,1333_Benjamin Franklin: An American Life
1334,1334_The Tiger's Wife
1338,1338_The Book of Mormon: Another Testament of Jesus Christ
1340,1340_Dead Beat (The Dresden Files, #7)
1341,1341_Golden Son (Red Rising, #2)
1344,1344_What the Dog Saw and Other Adventures
1345,1345_Pretty Girls
1346,1346_Last Argument of Kings (The First Law, #3)
1349,1349_The Blind Side: Evolution of a Game
135,135_A Storm of Swords (A Song of Ice and Fire, #3)
1351,1351_School's Out‚ÄîForever (Maximum Ride, #2)
1354,1354_The Strange Case of Dr. Jekyll and Mr. Hyde and Other Tales of Terror
1356,1356_The Warded Man (Demon Cycle, #1)
1359,1359_The Serpent's Shadow (Kane Chronicles, #3)
136,136_Divine Secrets of the Ya-Ya Sisterhood
1360,1360_Duma Key
1361,1361_The House at Riverton
1362,1362_Winter's Heart (Wheel of Time, #9)
1364,1364_Notes from Underground, White Nights, The Dream of a Ridiculous Man, and Selections from The House of the Dead
1365,1365_The Heart is a Lonely Hunter
1366,1366_The Infinite Sea (The 5th Wave, #2)
1369,1369_Bud, Not Buddy
137,137_Outlander (Outlander, #1)
1371,1371_Predictably Irrational: The Hidden Forces That Shape Our Decisions
1373,1373_The Indian in the Cupboard (The Indian in the Cupboard, #1)
1375,1375_Me and Earl and the Dying Girl
1376,1376_The Ugly Truth (Diary of a Wimpy Kid, #5)
1377,1377_Janet Evanovich Three and Four Two-Book Set (Stephanie Plum, #3-4)
1379,1379_2nd Chance (Women's Murder Club, #2)
1381,1381_The Eyre Affair (Thursday Next, #1)
1383,1383_Sideways Stories from Wayside School (Wayside School #1)
1384,1384_The Art of Happiness
1385,1385_The Bone Clocks
1388,1388_The Last Juror
1389,1389_Diary
1391,1391_Inkspell (Inkworld, #2)
1392,1392_Sex, Drugs, and Cocoa Puffs: A Low Culture Manifesto
1394,1394_White Night (The Dresden Files, #9)
1395,1395_The Miniaturist
1397,1397_The Lost Colony (Artemis Fowl, #5)
1398,1398_Extras (Uglies, #4)
1399,1399_The Burning Bridge (Ranger's Apprentice, #2)
14,14_Animal Farm
140,140_The Girl Who Kicked the Hornet's Nest (Millennium, #3)
1401,1401_The Artist's Way: A Spiritual Path to Higher Creativity
1402,1402_The Stinky Cheese Man and Other Fairly Stupid Tales
1403,1403_Horns
1404,1404_Catherine the Great: Portrait of a Woman
1405,1405_The Year of the Flood  (MaddAddam, #2)
1406,1406_Winter Garden
1407,1407_The King of Torts
1408,1408_Lone Survivor: The Eyewitness Account of Operation Redwing and the Lost Heroes of SEAL Team 10
1412,1412_Shadow's Edge (Night Angel, #2)
1413,1413_Under the Never Sky (Under the Never Sky, #1)
1414,1414_True Believer (Jeremy Marsh & Lexie Darnell, #1)
1415,1415_The Lean Startup: How Today's Entrepreneurs Use Continuous Innovation to Create Radically Successful Businesses
1416,1416_The Golden Lily (Bloodlines, #2)
1422,1422_Out from Boneville (Bone, #1)
1423,1423_Rose Madder
1424,1424_Die Trying (Jack Reacher, #2)
1425,1425_Beautiful Chaos (Caster Chronicles, #3)
1426,1426_Keeping Faith
1429,1429_Beyond the Shadows (Night Angel, #3)
1431,1431_Redwall (Redwall, #1)
1434,1434_The Last of the Mohicans (The Leatherstocking Tales #2)
1437,1437_The Iron Daughter
1438,1438_The Prayer of Jabez:  Breaking Through to the Blessed Life
1441,1441_My Life in France
1442,1442_The Rosie Effect (Don Tillman, #2)
1444,1444_Ham on Rye
1448,1448_Relic (Pendergast, #1)
1449,1449_Notes from a Small Island
145,145_Deception Point
1450,1450_Small Favor (The Dresden Files, #10)
1451,1451_The Walking Dead, Compendium 1
1452,1452_Princess Academy (Princess Academy, #1)
1454,1454_Pygmalion
1455,1455_Flight Behavior
1457,1457_Bridget Jones: The Edge of Reason (Bridget Jones, #2)
146,146_The Goldfinch
1461,1461_The Memoirs of Sherlock Holmes
1469,1469_Amelia Bedelia  (Amelia Bedelia #1)
1471,1471_A Dog's Purpose (A Dog's Purpose, #1)
1478,1478_Caps for Sale: A Tale of a Peddler, Some Monkeys and Their Monkey Business
148,148_Girl with a Pearl Earring
1482,1482_The Boston Girl
1484,1484_The Fall of Hyperion (Hyperion Cantos, #2)
1485,1485_The Black Dahlia (L.A. Quartet, #1)
1487,1487_Wild Swans: Three Daughters of China
1489,1489_On the Banks of Plum Creek  (Little House, #4)
149,149_If I Stay (If I Stay, #1)
1490,1490_Finders Keepers (Bill Hodges Trilogy, #2)
1492,1492_The Complete Poems of Emily Dickinson
1493,1493_Old Yeller (Old Yeller, #1)
1494,1494_Born Standing Up: A Comic's Life
1495,1495_PostSecret: Extraordinary Confessions from Ordinary Lives (PostSecret)
1497,1497_The Borrowers (The Borrowers, #1)
1498,1498_Hearts in Atlantis
1499,1499_Small Great Things
15,15_The Diary of a Young Girl
150,150_The Red Tent
1500,1500_A Wild Sheep Chase (The Rat, #3)
1501,1501_The Queen's Fool (The Plantagenet and Tudor Novels, #12)
1503,1503_Jitterbug Perfume
1505,1505_The Darkest Minds (The Darkest Minds, #1)
1507,1507_The Power of Positive Thinking
1508,1508_In a Dark, Dark Wood
1515,1515_Infidel
1517,1517_The Twelve (The Passage, #2)
1519,1519_The Diamond Age: or, A Young Lady's Illustrated Primer
1520,1520_A Canticle for Leibowitz
1522,1522_Brooklyn
1524,1524_Hillbilly Elegy: A Memoir of a Family and Culture in Crisis
1525,1525_Crossroads of Twilight (Wheel of Time, #10)
1527,1527_What If?: Serious Scientific Answers to Absurd Hypothetical Questions
153,153_City of Ashes (The Mortal Instruments, #2)
1530,1530_A Swiftly Tilting Planet (A Wrinkle in Time Quintet, #3)
1535,1535_Saving the World and Other Extreme Sports (Maximum Ride, #3)
1536,1536_Blood of the Fold (Sword of Truth, #3)
1537,1537_The Boleyn Inheritance (The Plantagenet and Tudor Novels, #10)
1539,1539_The Underground Railroad
1541,1541_The Iron Queen (The Iron Fey, #3)
1542,1542_Losing It (Losing It, #1)
1544,1544_Disgrace
1545,1545_The House at Pooh Corner (Winnie-the-Pooh, #2)
1551,1551_Behind Closed Doors
1555,1555_The Island of Dr. Moreau
1557,1557_Zeitoun
156,156_Something Borrowed (Darcy & Rachel, #1)
1561,1561_Doctor Zhivago
1562,1562_Confess
1564,1564_Disclosure
1565,1565_Death Comes to Pemberley
1566,1566_Ethan Frome
1567,1567_A Map of the World
1570,1570_The Electric Kool-Aid Acid Test
1571,1571_Naked Lunch
1572,1572_Dream Country (The Sandman #3)
1574,1574_The Left Hand of Darkness
1576,1576_Full Dark, No Stars
1578,1578_Intensity
1582,1582_Revolutionary Road
1583,1583_Nick & Norah's Infinite Playlist
1584,1584_Rosencrantz and Guildenstern Are Dead
1585,1585_Forever (The Wolves of Mercy Falls, #3)
1586,1586_The Beach
1587,1587_Saving CeeCee Honeycutt
1589,1589_Everything's Eventual: 14 Dark Tales
159,159_The Battle of the Labyrinth (Percy Jackson and the Olympians, #4)
1592,1592_Airframe
1594,1594_Bet Me
1597,1597_The Power of One (The Power of One, #1)
1599,1599_Night Road
16,16_The Girl with the Dragon Tattoo (Millennium, #1)
1601,1601_Emotional Intelligence: Why It Can Matter More Than IQ
1602,1602_Changes (The Dresden Files, #12)
1603,1603_The Story of Ferdinand
1606,1606_Ten Big Ones (Stephanie Plum, #10)
1607,1607_The Poet (Jack McEvoy, #1; Harry Bosch Universe, #5)
1608,1608_Paranormalcy (Paranormalcy, #1)
1611,1611_Rise of the Evening Star (Fablehaven, #2)
1615,1615_Open
1616,1616_Stormbreaker (Alex Rider, #1)
1617,1617_Without Fail (Jack Reacher, #6)
1618,1618_A Voice in the Wind (Mark of the Lion, #1)
1620,1620_A Scanner Darkly
1623,1623_Batman: The Long Halloween
1630,1630_Turn Coat (The Dresden Files, #11)
1631,1631_The Sign of Four
1633,1633_Memnoch the Devil (The Vampire Chronicles, #5)
1638,1638_Temple of the Winds (Sword of Truth, #4)
1642,1642_Song of Solomon
1644,1644_Peace Like a River
165,165_A Feast for Crows (A Song of Ice and Fire, #4)
1651,1651_Ignite Me (Shatter Me, #3)
1654,1654_Cold Days (The Dresden Files, #14)
1655,1655_The Friday Night Knitting Club (Friday Night Knitting Club, #1)
166,166_Matched (Matched, #1)
1660,1660_The Sisters Brothers
1666,1666_Shakespeare's Sonnets
1668,1668_Six of Crows (Six of Crows, #1)
1669,1669_13 Little Blue Envelopes (Little Blue Envelope, #1)
167,167_American Gods (American Gods, #1)
1672,1672_Mountains Beyond Mountains: The Quest of Dr. Paul Farmer, A Man Who Would Cure the World
1673,1673_Beneath This Man (This Man, #2)
1674,1674_Prince of Thorns (The Broken Empire, #1)
1676,1676_Gal√°pagos
1677,1677_Next
1679,1679_Leaves of Grass
168,168_The Stand
1681,1681_Lady Chatterley's Lover
1682,1682_The Magician King (The Magicians, #2)
1683,1683_Liar's Poker
1684,1684_The Richest Man in Babylon
1686,1686_Belgarath the Sorcerer
1688,1688_My Name Is Lucy Barton
1689,1689_Garden Spells (Waverley Family, #1)
169,169_The Last Song
1693,1693_Pawn of Prophecy (The Belgariad, #1)
1694,1694_Lean Mean Thirteen (Stephanie Plum, #13)
1696,1696_Glass Houses (The Morganville Vampires, #1)
1697,1697_Captivating: Unveiling the Mystery of a Woman's Soul
1698,1698_The Dark Tower: The Gunslinger Born
1699,1699_The Lake House
17,17_Catching Fire (The Hunger Games, #2)
170,170_Digital Fortress
1700,1700_A Tale for the Time Being
1701,1701_I Hope They Serve Beer in Hell (Tucker Max, #1)
1702,1702_Rule (Marked Men, #1)
1703,1703_South of the Border, West of the Sun
1705,1705_Influence: The Psychology of Persuasion
1706,1706_The Fall of the House of Usher and Other Tales
171,171_Emma
1710,1710_At Home: A Short History of Private Life
1711,1711_Sushi for Beginners
1712,1712_Still Life (Chief Inspector Armand Gamache, #1)
1713,1713_Watermelon (Walsh Family, #1)
1714,1714_The Kitchen God's Wife
1715,1715_Let the Right One In
1717,1717_Essential Tales and Poems
1718,1718_The Second Summer of the Sisterhood (Sisterhood, #2)
1719,1719_Phantoms
1721,1721_My Utmost for His Highest
1722,1722_The Wee Free Men (Discworld, #30; Tiffany Aching, #1)
1724,1724_Nightshade (Nightshade #1; Nightshade World #4)
1725,1725_Alice's Adventures in Wonderland
1731,1731_The Desert Spear (Demon Cycle, #2)
1733,1733_The Summons
1734,1734_Endurance: Shackleton's Incredible Voyage
1735,1735_Size 12 Is Not Fat (Heather Wells, #1)
1736,1736_Dark Matter
1737,1737_Glass Sword (Red Queen, #2)
1738,1738_When You Reach Me
1739,1739_The Bonfire of the Vanities
1740,1740_In the Unlikely Event
1742,1742_Shiloh (Shiloh, #1)
1743,1743_Siege and Storm (Shadow and Bone, #2)
1749,1749_The Death and Life of Charlie St. Cloud
175,175_The Last Olympian (Percy Jackson and the Olympians, #5)
1751,1751_Born in Fire (Born In Trilogy, #1)
1757,1757_Pope Joan
1758,1758_Birdsong
1759,1759_Faith of the Fallen (Sword of Truth, #6)
176,176_It
1760,1760_Keys to the Demon Prison (Fablehaven, #5)
1762,1762_While I Was Gone
1763,1763_4th of July (Women's Murder Club, #4)
1765,1765_Clifford the Big Red Dog
1768,1768_Wyrd Sisters (Discworld, #6; Witches #2)
1769,1769_Real (Real, #1)
177,177_Crime and Punishment
1770,1770_NOS4A2
1772,1772_The Black Stallion (The Black Stallion, #1)
1773,1773_Reckless (Thoughtless, #3)
1774,1774_The Grim Grotto (A Series of Unfortunate Events, #11)
1775,1775_Strega Nona
178,178_The Bell Jar
1781,1781_Don't Let the Pigeon Drive the Bus!
1784,1784_The Raven
1785,1785_The Yellow Wallpaper and Other Stories
1788,1788_The Calvin and Hobbes Tenth Anniversary Book
1789,1789_Dreamland
1790,1790_The Art Forger
1794,1794_At the Water's Edge
1795,1795_The Running Man
1797,1797_The Crying of Lot 49
1798,1798_Edge of Eternity (The Century Trilogy, #3)
1799,1799_Demonglass (Hex Hall, #2)
18,18_Harry Potter and the Prisoner of Azkaban (Harry Potter, #3)
1800,1800_Ubik
1801,1801_The Sword of Shannara (The Original Shannara Trilogy, #1)
1803,1803_The Awakening / The Struggle (The Vampire Diaries, #1-2)
1804,1804_Three Wishes
1806,1806_Fall on Your Knees
1810,1810_Furiously Happy: A Funny Book About Horrible Things
1814,1814_Left Neglected
1815,1815_Anne Frank Remembered: The Story of the Woman Who Helped to Hide the Frank Family
1817,1817_Sahara (Dirk Pitt, #11)
1827,1827_The Hostile Hospital (A Series of Unfortunate Events, #8)
1828,1828_InuYasha: Turning Back Time (InuYasha, #1)
1829,1829_The Omen
1830,1830_Blue Moon (The Immortals, #2)
1832,1832_Child 44 (Leo Demidov, #1)
1833,1833_These Is My Words: The Diary of Sarah Agnes Prine, 1881-1901, Arizona Territories (Sarah Agnes Prine, #1)
1834,1834_The Hypnotist's Love Story
1837,1837_Shift (Silo, #2)
1838,1838_Worth Dying For (Jack Reacher, #15)
184,184_Matilda
1841,1841_Sundays at Tiffany's
1844,1844_Scar Tissue
1845,1845_Alias Grace
1846,1846_Captivated by You (Crossfire, #4)
1848,1848_Soulless (Parasol Protectorate, #1)
1849,1849_Just One Day (Just One Day, #1)
1851,1851_The Emperor of All Maladies: A Biography of Cancer
1853,1853_Memories of My Melancholy Whores
1857,1857_In the Hand of the Goddess (Song of the Lioness, #2)
1858,1858_3rd Degree (Women's Murder Club, #3)
1865,1865_You Can Heal Your Life
1866,1866_The Vacationers
1868,1868_I Am Legend
1869,1869_Dealing with Dragons (Enchanted Forest Chronicles, #1)
187,187_Uglies (Uglies, #1)
1872,1872_Ashes to Ashes (Kovac and Liska, #1)
1874,1874_The Aviator's Wife
1875,1875_A Bad Case of Stripes
1876,1876_The Affair (Jack Reacher, #16)
1877,1877_The Elements of Style
1880,1880_Homeland (Forgotten Realms: The Dark Elf Trilogy, #1; Legend of Drizzt, #1)
1881,1881_The Mote in God's Eye
1882,1882_The Snowman (Harry Hole, #7)
1884,1884_Wicked: The Grimmerie
1885,1885_As You Like It
1888,1888_The Spirit Catches You and You Fall Down: A Hmong Child, Her American Doctors, and the Collision of Two Cultures
1891,1891_Dreamfever (Fever, #4)
1892,1892_Case Histories (Jackson Brodie #1)
1894,1894_Wedding Night
1896,1896_Pollyanna (Pollyanna, #1)
1898,1898_Dust (Silo, #3)
19,19_The Fellowship of the Ring (The Lord of the Rings, #1)
1900,1900_Nightmares and Dreamscapes
1902,1902_The Associate
1905,1905_Blood Song (Raven's Shadow, #1)
1906,1906_Rules of Attraction (Perfect Chemistry, #2)
1908,1908_Less Than Zero
1909,1909_Someone Knows My Name
191,191_Watchmen
1911,1911_Faithful Place (Dublin Murder Squad, #3)
1919,1919_Dash & Lily's Book of Dares (Dash & Lily, #1)
192,192_The Name of the Wind (The Kingkiller Chronicle, #1)
1920,1920_The Luminaries
1921,1921_If You Give a Moose a Muffin
1923,1923_Barrel Fever: Stories and Essays
1924,1924_Reaper Man (Discworld, #11; Death, #2)
1926,1926_Made to Stick: Why Some Ideas Survive and Others Die
193,193_Outliers: The Story of Success
1930,1930_Dance Upon the Air (Three Sisters Island, #1)
1936,1936_A Widow for One Year
1938,1938_Charlie and the Great Glass Elevator (Charlie Bucket, #2)
1939,1939_If You Give a Pig a Pancake
1940,1940_The Wasp Factory
1943,1943_Crazy Rich Asians (Crazy Rich Asians #1)
1945,1945_Bloodfever (Fever, #2)
1946,1946_Faefever (Fever, #3)
1947,1947_My Sister's Grave (Tracy Crosswhite #1)
1948,1948_Library of Souls (Miss Peregrine's Peculiar Children, #3)
1949,1949_Howards End
1951,1951_The Evolution of Mara Dyer (Mara Dyer, #2)
1958,1958_Destined (House of Night, #9)
1961,1961_North and South (North and South, #1)
1963,1963_The Bourne Ultimatum (Jason Bourne, #3)
1967,1967_Meditations
1968,1968_Peter and the Starcatchers (Peter and the Starcatchers, #1)
1969,1969_Collapse: How Societies Choose to Fail or Succeed
1970,1970_Possession
1972,1972_Without Remorse (Jack Ryan Universe, #1)
1977,1977_The End (A Series of Unfortunate Events, #13)
1978,1978_The Liars' Club
1980,1980_The Illustrated Man
1986,1986_The Innocent Man: Murder and Injustice in a Small Town
1987,1987_The Bachman Books
1989,1989_Soul of the Fire (Sword of Truth, #5)
1991,1991_Consider Phlebas (Culture, #1)
1993,1993_The Vampire Armand (The Vampire Chronicles, #6)
1995,1995_A Storm of Swords: Steel and Snow (A Song of Ice and Fire, #3: Part 1 of 2)
1997,1997_Grave Mercy (His Fair Assassin, #1)
2,2_Harry Potter and the Sorcerer's Stone (Harry Potter, #1)
2000,2000_The Hour I First Believed
2002,2002_The Death of Ivan Ilych
2004,2004_Travels with Charley: In Search of America
2005,2005_The Dovekeepers
2006,2006_The Republic of Thieves (Gentleman Bastard, #3)
2008,2008_World After (Penryn & the End of Days, #2)
201,201_The Lost Symbol (Robert Langdon, #3)
2011,2011_Snuff
2012,2012_Jack & Jill (Alex Cross, #3)
2013,2013_Saturday
2015,2015_The Bridges of Madison County
2019,2019_The Maze of Bones  (The 39 Clues, #1)
202,202_Hush, Hush (Hush, Hush, #1)
2020,2020_How to Cook Everything: Simple Recipes for Great Food
2023,2023_Forrest Gump (Forrest Gump, #1)
2024,2024_The Fall
2026,2026_The Moonstone
2028,2028_Son of a Witch (The Wicked Years, #2)
2032,2032_Sarah, Plain and Tall (Sarah, Plain and Tall, #1)
2034,2034_Bloodsucking Fiends (A Love Story, #1)
2036,2036_The Gifts of Imperfection: Let Go of Who You Think You're Supposed to Be and Embrace Who You Are
2037,2037_Commonwealth
2041,2041_Lisey's Story
2044,2044_The Year of Living Biblically: One Man's Humble Quest to Follow the Bible as Literally as Possible
2046,2046_The One & Only
205,205_Interview with the Vampire (The Vampire Chronicles, #1)
2050,2050_Night World, No. 2 (Night World, #4-6)
2051,2051_Geek Love
2052,2052_The Oedipus Cycle: Oedipus Rex/Oedipus at Colonus/Antigone (The Theban Plays, #1‚Äì3)
2053,2053_All the King's Men
2054,2054_Girls in Pants: The Third Summer of the Sisterhood (Sisterhood, #3)
2056,2056_New Spring (Wheel of Time, #0)
2059,2059_American Assassin (Mitch Rapp, #1)
206,206_The Selection (The Selection, #1)
2061,2061_Burial Rites
2062,2062_Fingersmith
2063,2063_A Year in Provence
2065,2065_The Last Letter from Your Lover
2067,2067_The House Girl
207,207_One for the Money (Stephanie Plum, #1)
2071,2071_Code Name Verity (Code Name Verity, #1)
2073,2073_Master of the Game
2074,2074_The Body Farm (Kay Scarpetta, #5)
2077,2077_The Luxe (Luxe, #1)
2078,2078_The Complete Tales
2079,2079_American Pastoral (The American Trilogy, #1)
208,208_The Immortal Life of Henrietta Lacks
2080,2080_Big Magic: Creative Living Beyond Fear
2081,2081_Skin Game (The Dresden Files, #15)
2086,2086_Hogfather (Discworld, #20; Death, #4)
2087,2087_Open House
2088,2088_The Silver Star
209,209_The Silence of the Lambs  (Hannibal Lecter, #2)
2090,2090_The Laughing Corpse (Anita Blake, Vampire Hunter, #2)
2091,2091_Key of Light (Key Trilogy, #1)
2098,2098_God Bless You, Mr. Rosewater
21,21_Harry Potter and the Order of the Phoenix (Harry Potter, #5)
2103,2103_The Importance of Being Earnest and Other Plays
2104,2104_Isla and the Happily Ever After (Anna and the French Kiss, #3)
211,211_Blink: The Power of Thinking Without Thinking
2114,2114_Mudbound
2116,2116_A Darker Shade of Magic (Shades of Magic, #1)
2119,2119_The Magicians' Guild (Black Magician Trilogy, #1)
2120,2120_The Necromancer  (The Secrets of the Immortal Nicholas Flamel, #4)
2121,2121_61 Hours (Jack Reacher, #14)
2124,2124_A Thousand Acres
2126,2126_Cry Wolf (Alpha & Omega, #1)
2128,2128_Plainsong (Plainsong, #1)
2129,2129_Ghost World
213,213_The Metamorphosis
2131,2131_Fathers and Sons
2133,2133_Caleb's Crossing
2134,2134_Evernight (Evernight, #1)
2137,2137_The Children Act
2141,2141_Barely Breathing (Breathing, #2)
2142,2142_The Iliad/The Odyssey
2144,2144_Papillon
2148,2148_Monster
2151,2151_Saga #1
2154,2154_Hounded (The Iron Druid Chronicles, #1)
2156,2156_Red Mars (Mars Trilogy, #1)
2159,2159_Sea Swept (Chesapeake Bay Saga, #1)
2160,2160_The Blinding Knife (Lightbringer, #2)
2162,2162_An Object of Beauty
2163,2163_What to Expect When You're Expecting
2168,2168_A Christmas Carol, The Chimes and The Cricket on the Hearth
2169,2169_The Grownup
217,217_The Devil in the White City: Murder, Magic, and Madness at the Fair That Changed America
2172,2172_Welcome to the Monkey House
2173,2173_Dad Is Fat
2175,2175_Alexander Hamilton
2176,2176_The Cat in the Hat and Other Dr. Seuss Favorites
2177,2177_Dead Souls
2181,2181_Tikki Tikki Tembo
2183,2183_Love Unscripted (Love, #1)
2184,2184_Pop Goes the Weasel (Alex Cross, #5)
2185,2185_Bully (Fall Away, #1)
2188,2188_Pigs in Heaven
2189,2189_The Ghost Brigades (Old Man's War, #2)
2195,2195_Inkdeath (Inkworld, #3)
2196,2196_Foundation's Edge (Foundation #4)
2197,2197_Jude the Obscure
2201,2201_Wings (Wings, #1)
2203,2203_The Odessa File
2205,2205_Sapiens: A Brief History of Humankind
2208,2208_Down to You (The Bad Boys, #1)
2209,2209_The Complete Works
221,221_A Child Called "It" (Dave Pelzer #1)
2210,2210_The Dispossessed
2211,2211_Faceless Killers (Kurt Wallander, #1)
2212,2212_The Confession
2213,2213_Lightning
2215,2215_Superfudge (Fudge, #3)
2219,2219_The Pillars of Creation (Sword of Truth, #7)
2221,2221_The Life We Bury
2225,2225_John Dies at the End (John Dies at the End, #1)
2226,2226_The Demon-Haunted World: Science as a Candle in the Dark
2227,2227_Stolen: A Letter to My Captor
2228,2228_Solaris
223,223_Artemis Fowl (Artemis Fowl, #1)
2233,2233_Possible Side Effects
2234,2234_Still Life with Bread Crumbs
2235,2235_The A.B.C. Murders (Hercule Poirot, #13)
2237,2237_Lover Reborn (Black Dagger Brotherhood, #10)
2238,2238_The Duke and I (Bridgertons, #1)
2239,2239_Dragons of Spring Dawning (Dragonlance: Chronicles, #3)
224,224_Fallen (Fallen, #1)
2240,2240_A Raisin in the Sun
2241,2241_Altered Carbon (Takeshi Kovacs, #1)
2243,2243_The Good Neighbor
2246,2246_Flash Boys: A Wall Street Revolt
2250,2250_The Life and Times of the Thunderbolt Kid
2251,2251_Still Missing
2252,2252_'Tis (Frank McCourt, #2)
2254,2254_Fairest (The Lunar Chronicles, #3.5)
2257,2257_Who's Afraid of Virginia Woolf?
2268,2268_Maisie Dobbs (Maisie Dobbs, #1)
227,227_The Client
2270,2270_Forever in Blue: The Fourth Summer of the Sisterhood (Sisterhood, #4)
2276,2276_In Flight (Up in the Air, #1)
2277,2277_Cross (Alex Cross, #12)
2279,2279_Neither Here nor There: Travels in Europe
2281,2281_We Are Water
2282,2282_Max (Maximum Ride, #5)
2284,2284_The Inheritance of Loss
2289,2289_Beauty: A Retelling of the Story of Beauty and the Beast
2293,2293_The Girl of Fire and Thorns (Fire and Thorns, #1)
2295,2295_Longitude: The True Story of a Lone Genius Who Solved the Greatest Scientific Problem of His Time
2297,2297_Faust: First Part
23,23_Harry Potter and the Chamber of Secrets (Harry Potter, #2)
2303,2303_Bloody Bones (Anita Blake, Vampire Hunter #5)
2304,2304_This Side of Paradise
2305,2305_Escape from Camp 14: One Man's Remarkable Odyssey from North Korea to Freedom in the West
2306,2306_Every Which Way But Dead (The Hollows, #3)
2307,2307_Eligible: A Modern Retelling of Pride and Prejudice (The Austen Project, #4)
2309,2309_The Children of H√∫rin
231,231_Sarah's Key
2310,2310_The Total Money Makeover: A Proven Plan for Financial Fitness
2317,2317_Night Pleasures (Dark-Hunter, #1)
2319,2319_Don't Judge a Girl by Her Cover (Gallagher Girls, #3)
232,232_The Gunslinger (The Dark Tower, #1)
2322,2322_Dreams of Joy (Shanghai Girls #2)
2323,2323_Tell Me Your Dreams
2324,2324_By the Shores of Silver Lake  (Little House, #5)
2328,2328_Junky
2332,2332_Everything We Keep (Everything We Keep, #1)
2338,2338_Esperanza Rising
2339,2339_Raise High the Roof Beam, Carpenters & Seymour: An Introduction
2341,2341_The Killing Dance (Anita Blake, Vampire Hunter, #6)
2344,2344_Factotum
2345,2345_The Immortal Rules (Blood of Eden, #1)
2346,2346_Columbine
2351,2351_All That Remains (Kay Scarpetta, #3)
2353,2353_Season of Mists (The Sandman #4)
2355,2355_Silas Marner
2356,2356_Origin (Lux, #4)
2357,2357_The Botany of Desire: A Plant's-Eye View of the World
2359,2359_The Distant Hours
2360,2360_I Let You Go
2361,2361_Kidnapped (David Balfour, #1)
2363,2363_Beautiful Boy: A Father's Journey Through His Son's Addiction
2364,2364_The Vincent Boys (The Vincent Boys, #1)
2365,2365_The Cask of Amontillado
2366,2366_Metamorphoses
237,237_Carrie
2370,2370_The Legend of Sleepy Hollow (Graphic Novel)
2371,2371_Bitter Is the New Black: Confessions of a Condescending, Egomaniacal, Self-Centered Smartass, Or, Why You Should Never Carry A Prada Bag to the Unemployment Office
2372,2372_The Witness
2374,2374_Angle of Repose
2376,2376_Lord Brocktree (Redwall, #13)
2378,2378_Barefoot
2380,2380_Cat on a Hot Tin Roof
2383,2383_Split Second (Sean King & Michelle Maxwell, #1)
2386,2386_Persepolis, Volume 1
2387,2387_At Home in Mitford (Mitford Years, #1)
2389,2389_Scorpia (Alex Rider, #5)
2390,2390_The Queen of the Tearling (The Queen of the Tearling, #1)
2393,2393_Echo Burning (Jack Reacher, #5)
2395,2395_Never Never (Never Never, #1)
2396,2396_Into the Darkest Corner
2397,2397_The Further Adventures of Sherlock Holmes: After Sir Arthur Conan Doyle (Classic Crime)
2398,2398_Roses are Red (Alex Cross, #6)
2399,2399_Naked Empire (Sword of Truth, #8)
24,24_Harry Potter and the Goblet of Fire (Harry Potter, #4)
240,240_Inferno (Robert Langdon, #4)
2401,2401_The Stranger
2403,2403_A Passage to India
2406,2406_The Mammoth Hunters (Earth's Children, #3)
2408,2408_Love Story (Love Story, #1)
2409,2409_Chrysanthemum
2411,2411_The Winds of War (The Henry Family, #1)
2412,2412_The Wind Through the Keyhole (The Dark Tower, #4.5)
2416,2416_Exile (Forgotten Realms: The Dark Elf Trilogy, #2; Legend of Drizzt, #2)
242,242_Along Came a Spider (Alex Cross, #1)
2424,2424_The Book of Lost Things
2425,2425_My Life
2428,2428_Only the Good Spy Young (Gallagher Girls, #4)
243,243_Misery
2430,2430_Grave Sight (Harper Connelly, #1)
2438,2438_There Was an Old Lady Who Swallowed a Fly
244,244_Sharp Objects
2441,2441_Nothing to Envy: Ordinary Lives in North Korea
2446,2446_The Story of Babar
2447,2447_The Warlock (The Secrets of the Immortal Nicholas Flamel, #5)
2448,2448_First Lord's Fury (Codex Alera, #6)
2449,2449_The Imperfectionists
2451,2451_Persepolis 2: The Story of a Return (Persepolis, #2)
2452,2452_Pyramids (Discworld, #7)
2455,2455_Committed: A Skeptic Makes Peace with Marriage
2456,2456_Keeping the Moon
2463,2463_The False Prince (The Ascendance Trilogy #1)
2465,2465_Stumbling on Happiness
2466,2466_The Waste Land and Other Poems
2467,2467_Little Bear
2468,2468_The Pit and the Pendulum
247,247_The 7 Habits of Highly Effective People: Powerful Lessons in Personal Change
2471,2471_His Majesty's Dragon (Temeraire, #1)
2476,2476_The Winter Sea (Slains, #1)
2477,2477_The Sword Thief (The 39 Clues, #3)
2478,2478_Coma
248,248_A Midsummer Night's Dream
2484,2484_The Picture of Dorian Gray: A Graphic Novel
2487,2487_Perdido Street Station (Bas-Lag, #1)
2488,2488_Need (Need, #1)
2489,2489_Witches Abroad (Discworld, #12; Witches #3)
249,249_Extremely Loud and Incredibly Close
2491,2491_Heretics of Dune (Dune Chronicles #5)
2492,2492_The Cross and the Switchblade
2493,2493_Captain's Fury (Codex Alera, #4)
2494,2494_Damned (Damned, #1)
2495,2495_Rules
2497,2497_The Last Coyote (Harry Bosch, #4; Harry Bosch Universe, #4)
2498,2498_Salt: A World History
2499,2499_Villette
25,25_Harry Potter and the Deathly Hallows (Harry Potter, #7)
250,250_Wonder
2500,2500_Reamde
2501,2501_Soul Music (Discworld, #16; Death, #3)
2503,2503_The Greatest Show on Earth: The Evidence for Evolution
2506,2506_Casino Royale (James Bond, #1)
2510,2510_The Red Queen (The Plantagenet and Tudor Novels, #3)
2511,2511_Something About You (FBI/US Attorney, #1)
2512,2512_Mr. Brown Can Moo! Can You?
2514,2514_Marvel 1602
2516,2516_The Dog Stars
2517,2517_The Spy Who Came In from the Cold
2519,2519_When the Wind Blows (When the Wind Blows, #1)
2521,2521_The Pilgrimage
2524,2524_March
2525,2525_A Wanted Man (Jack Reacher, #17)
2530,2530_The Widow
2532,2532_The Prince (The Selection, #0.5)
2534,2534_Push
2536,2536_2010: Odyssey Two (Space Odyssey, #2)
2541,2541_Peter Pan (A Little Golden Book)
2543,2543_The Thousand Autumns of Jacob de Zoet
2545,2545_Dance with the Devil (Dark-Hunter #3)
2547,2547_Violets Are Blue (Alex Cross, #7)
2550,2550_Burnt Offerings (Anita Blake, Vampire Hunter, #7)
2551,2551_The Silent Sister (Riley MacPherson, #1)
2552,2552_Player Piano
2553,2553_The Lost World (Professor Challenger, #1)
2554,2554_Monstrous Regiment (Discworld, #31; Industrial Revolution, #3)
2555,2555_Kindred
2562,2562_The Perfect Game (The Perfect Game, #1)
2563,2563_Monsters of Men (Chaos Walking, #3)
2566,2566_Simple Abundance:  A Daybook of Comfort and Joy
2570,2570_MaddAddam (MaddAddam, #3)
2573,2573_Skipping Christmas
2574,2574_The Black Ice (Harry Bosch, #2; Harry Bosch Universe, #2)
2575,2575_Home Front
2576,2576_Beautiful Stranger (Beautiful Bastard, #2)
2579,2579_SantaLand Diaries
2580,2580_See Me
2581,2581_Mini Shopaholic (Shopaholic, #6)
2582,2582_Harry the Dirty Dog
2583,2583_All Fall Down
2584,2584_Down and Out in Paris and London
259,259_The Scorch Trials (Maze Runner, #2)
2590,2590_Tiny Beautiful Things: Advice on Love and Life from Dear Sugar
2591,2591_Beyond the Highland Mist (Highlander, #1)
2592,2592_The Stranger Beside Me: Ted Bundy The Shocking Inside Story
2593,2593_Stargazer (Evernight, #2)
2594,2594_Rising Sun
2599,2599_The Fall of Five (Lorien Legacies, #4)
26,26_The Da Vinci Code (Robert Langdon, #2)
260,260_How to Win Friends and Influence People
2600,2600_The Mayor of Casterbridge
2601,2601_The Red Pony
2602,2602_The Devil's Star (Harry Hole, #5)
2603,2603_Here on Earth
2606,2606_The Daylight War (Demon Cycle, #3)
2607,2607_The Appeal
261,261_Under the Tuscan Sun
2611,2611_A Hat Full of Sky (Discworld, #32; Tiffany Aching, #2)
2612,2612_A Suitable Boy (A Suitable Boy, #1)
2616,2616_Pattern Recognition (Blue Ant, #1)
262,262_Big Little Lies
2623,2623_Wild Magic (Immortals, #1)
2624,2624_Prelude to Foundation
2627,2627_Half the Sky: Turning Oppression into Opportunity for Women Worldwide
263,263_Ella Enchanted
2632,2632_The Sparrow (The Sparrow, #1)
2636,2636_Destiny of the Republic: A Tale of Madness, Medicine and the Murder of a President
2637,2637_We Have Always Lived in the Castle
2639,2639_The Brass Verdict (Harry Bosch, #14; Mickey Haller, #2; Harry Bosch Universe, #17)
264,264_The Sun Also Rises
2642,2642_The Two Princesses of Bamarre
2643,2643_Black Boy
2650,2650_It's Not About the Bike: My Journey Back to Life
2651,2651_Undaunted Courage: The Pioneering First Mission to Explore America's Wild Frontier
2652,2652_H is for Hawk
2653,2653_Us
2658,2658_Moving Pictures (Discworld, #10; Industrial Revolution, #1)
2659,2659_Captive in the Dark (The Dark Duet, #1)
2663,2663_The Little Paris Bookshop
2664,2664_Sweet Tooth
2665,2665_Twisted Perfection (Rosemary Beach, #5; Perfection, #1)
2666,2666_Executive Orders (Jack Ryan Universe, #9)
2668,2668_Psycho
2669,2669_Ship of Magic (Liveship Traders, #1)
267,267_The Nightingale
2670,2670_Where Eagles Dare
2671,2671_Circle of Friends
2674,2674_Fragile Things: Short Fictions and Wonders
2676,2676_The Three-Body Problem (Remembrance of Earth‚Äôs Past, #1)
2683,2683_The Sins of the Father (The Clifton Chronicles, #2)
2687,2687_Fang (Maximum Ride, #6)
2688,2688_The Peach Keeper
2689,2689_The Napping House
269,269_P.S. I Love You
2692,2692_Beautiful Oblivion (The Maddox Brothers, #1)
2693,2693_A Fire Upon the Deep (Zones of Thought, #1)
2695,2695_The Face on the Milk Carton (Janie Johnson, #1)
2696,2696_Put Me in the Zoo
2698,2698_Invisible Cities
2699,2699_Flat-Out Love (Flat-Out Love, #1)
270,270_Rebecca
2701,2701_The Claiming of Sleeping Beauty (Sleeping Beauty, #1)
2705,2705_The Awakening (The Vampire Diaries, #1)
2706,2706_It Had to Be You (Chicago Stars, #1)
2708,2708_Fly Away Home
2709,2709_The Red and the Black
2711,2711_Incarceron (Incarceron, #1)
2714,2714_Starcrossed (Starcrossed, #1)
2716,2716_Dead Poets Society
2717,2717_Wreckage
2718,2718_The Fifth Elephant (Discworld, #24; City Watch, #5)
2719,2719_The Sorcerer in the North (Ranger's Apprentice, #5)
2724,2724_Hiroshima
2729,2729_Twenty Love Poems and a Song of Despair
2730,2730_The Cardinal of the Kremlin (Jack Ryan Universe, #5)
2735,2735_The Husband
2736,2736_The Particular Sadness of Lemon Cake
2737,2737_The Big Bad Wolf  (Alex Cross, #9)
2738,2738_Balzac and the Little Chinese Seamstress
274,274_The Godfather
2741,2741_Danny the Champion of the World
2747,2747_Oranges Are Not the Only Fruit
2751,2751_Trunk Music (Harry Bosch, #5; Harry Bosch Universe, #6)
2755,2755_The Gods Themselves
2757,2757_Ahab's Wife, or The Star-Gazer
2763,2763_Medea
2764,2764_The Demon King (Seven Realms, #1)
2767,2767_Saga, Vol. 3 (Saga, #3)
2771,2771_When I Found You
2774,2774_Make Me (Jack Reacher, #20)
2776,2776_While It Lasts (Sea Breeze, #3)
278,278_A Light in the Attic
2783,2783_Emperor Mage (Immortals, #3)
2784,2784_Decision Points
2785,2785_Witch & Wizard (Witch & Wizard, #1)
2786,2786_Julie of the Wolves (Julie of the Wolves, #1)
2791,2791_The Forgotten (John Puller, #2)
2792,2792_Shadows of Self (Mistborn, #5)
2793,2793_Mad About the Boy (Bridget Jones, #3)
2795,2795_Archer's Voice
2802,2802_Terrier (Beka Cooper, #1)
2804,2804_A House in the Sky
2806,2806_The Rules of Attraction
2810,2810_The Magus
2811,2811_King of the Murgos (The Malloreon, #2)
2815,2815_Playing for Pizza
2817,2817_Chapterhouse: Dune (Dune Chronicles #6)
282,282_Coraline
2822,2822_The Templar Legacy (Cotton Malone, #1)
2824,2824_The Physick Book of Deliverance Dane
283,283_Good Omens: The Nice and Accurate Prophecies of Agnes Nutter, Witch
2830,2830_Consent to Kill (Mitch Rapp, #8)
2831,2831_The Warmth of Other Suns: The Epic Story of America's Great Migration
2832,2832_The First Fifteen Lives of Harry August
2835,2835_Separation of Power (Mitch Rapp, #5)
2836,2836_Tomorrow, When the War Began (Tomorrow, #1)
2838,2838_Love Letters to the Dead
284,284_On the Road
285,285_The Rosie Project (Don Tillman, #1)
2852,2852_Battle Royale
2853,2853_The Girl Who Chased the Moon
2856,2856_The Secret Life of CeeCee Wilkes
2861,2861_Point Blank (Alex Rider, #2)
2867,2867_The War of Art: Break Through the Blocks & Win Your Inner Creative Battles
2869,2869_What We Talk About When We Talk About Love
2875,2875_Of Human Bondage
2879,2879_Mike Mulligan and His Steam Shovel
2881,2881_Making Money (Discworld, #36; Moist Von Lipwig, #2)
2882,2882_Happy Ever After (Bride Quartet, #4)
2887,2887_For a Few Demons More (The Hollows, #5)
2889,2889_Mistborn Trilogy Boxed Set (Mistborn, #1-3)
289,289_Watership Down (Watership Down, #1)
2890,2890_The Coffin Dancer (Lincoln Rhyme, #2)
2892,2892_The Complete Adventures of Curious George
2895,2895_Think Like a Freak
2897,2897_Assassination Vacation
2899,2899_The Museum of Extraordinary Things
29,29_Romeo and Juliet
2906,2906_As You Wish: Inconceivable Tales from the Making of The Princess Bride
2910,2910_Catch Me If You Can: The True Story of a Real Fake
2911,2911_Narcissus in Chains (Anita Blake, Vampire Hunter, #10)
2914,2914_Special Topics in Calamity Physics
2915,2915_Bird Box
292,292_The Voyage of the Dawn Treader (Chronicles of Narnia, #3)
2921,2921_Ariel
2924,2924_The Last Templar (Templar, #1)
2926,2926_The Book of Laughter and Forgetting
293,293_Treasure Island
2930,2930_The Outlaw Demon Wails (The Hollows, #6)
2931,2931_Flatland: A Romance of Many Dimensions
2932,2932_The Diviners (The Diviners, #1)
2933,2933_The Spectacular Now
2937,2937_A Game of You (The Sandman #5)
2939,2939_Beach Music
294,294_The Son of Neptune (The Heroes of Olympus, #2)
2940,2940_An Echo in the Darkness (Mark of the Lion, #2)
2944,2944_The Truth (Discworld, #25; Industrial Revolution, #2)
2957,2957_Surprised by Joy: The Shape of My Early Life
2958,2958_G√∂del, Escher, Bach: An Eternal Golden Braid
2960,2960_The Poetry of Robert Frost (Collected Poems, Complete & Unabridged)
2962,2962_This Is What Happy Looks Like (This is What Happy Looks Like, #1)
2965,2965_The Plains of Passage (Earth's Children, #4)
2967,2967_The Bookseller of Kabul
2968,2968_The Merchant of Death (Pendragon, #1)
297,297_Cat's Cradle
2971,2971_Magic Strikes (Kate Daniels, #3)
2972,2972_My Favorite Mistake (My Favorite Mistake, #1)
2973,2973_Airport
2974,2974_Angel (Maximum Ride, #7)
2975,2975_Kurt Vonnegut's Cat's Cradle (Modern Critical Interpretations)
2978,2978_The Emperor's Soul
2979,2979_Just After Sunset
298,298_The Time Machine
2981,2981_Double Cross (Alex Cross, #13)
2983,2983_These Broken Stars (Starbound, #1)
299,299_Heaven is for Real: A Little Boy's Astounding Story of His Trip to Heaven and Back
2992,2992_Frog and Toad Together (Frog and Toad, #2)
2996,2996_The Gathering (Darkness Rising, #1)
2998,2998_Magic Bleeds (Kate Daniels, #4)
2999,2999_The Japanese Lover
30,30_Gone Girl
300,300_The Boy in the Striped Pajamas
3001,3001_Kiss of Midnight (Midnight Breed,  #1)
3006,3006_Count Zero (Sprawl, #2)
3007,3007_Peony in Love
301,301_Heart of Darkness
3011,3011_Bookends
3013,3013_The Last Colony (Old Man's War #3)
3014,3014_If You Take a Mouse to School
3016,3016_Last Chance Saloon
3018,3018_Where Are the Children?
3019,3019_The Hero and the Crown (Damar, #2)
302,302_Safe Haven
3021,3021_The Space Between Us
3023,3023_Three Men in a Boat (Three Men, #1)
3028,3028_Sarum: The Novel of England
3029,3029_Rage of Angels
303,303_The Secret (The Secret, #1)
3034,3034_Cocktails for Three
3035,3035_Vanish (Rizzoli & Isles, #5)
3037,3037_The Tell-Tale Heart
3040,3040_Because of Low (Sea Breeze, #2)
3043,3043_Wayward (Wayward Pines, #2)
3046,3046_The Moosewood Cookbook: Recipes from Moosewood Restaurant, Ithaca, New York
3049,3049_The Teachings of Don Juan: A Yaqui Way of Knowledge
305,305_Pet Sematary
3050,3050_The Sixth Man (Sean King & Michelle Maxwell, #5)
3055,3055_Death: The High Cost of Living Collected
306,306_She's Come Undone
3063,3063_The Dark Is Rising (The Dark is Rising, #2)
3064,3064_Purity
3065,3065_The Door to December
3068,3068_Slapstick, or Lonesome No More!
307,307_The Wise Man's Fear (The Kingkiller Chronicle, #2)
3074,3074_Going Clear: Scientology, Hollywood, and the Prison of Belief
3080,3080_King Solomon's Mines (Allan Quatermain, #1)
3081,3081_Love Unrehearsed (Love, #2)
3082,3082_Brief Lives (The Sandman #7)
3083,3083_Nightfall (The Vampire Diaries: The Return, #1)
3085,3085_Narcissus and Goldmund
3086,3086_Fables and Reflections (The Sandman #6)
3087,3087_The Bone Season (The Bone Season, #1)
3088,3088_Little Dorrit
309,309_City of Fallen Angels (The Mortal Instruments, #4)
3090,3090_Valley of the Dolls
3094,3094_We're Going on a Bear Hunt
3097,3097_The Search
3099,3099_Pandora's Star
31,31_The Help
3101,3101_The Raven and other poems
3103,3103_Trigger Warning: Short Fictions and Disturbances
3106,3106_The Quiet American
3109,3109_Master and Commander
3112,3112_Private (Private, #1)
3117,3117_The High Lord (Black Magician Trilogy, #3)
3119,3119_Three Weeks With My Brother
312,312_The Graveyard Book
3124,3124_Ficciones
3125,3125_Winter Prey (Lucas Davenport, #5)
3126,3126_The Complete Short Stories
3127,3127_Dandelion Wine (Green Town, #1)
3128,3128_The Mummy (Ramses the Damned #1)
3131,3131_The Collector
3132,3132_Fairest
3134,3134_The Orchardist
3135,3135_One Summer: America, 1927
3136,3136_Evening Class
3138,3138_Anne of Windy Poplars (Anne of Green Gables, #4)
314,314_Inkheart (Inkworld, #1)
3141,3141_Amsterdam
3144,3144_Nothing to Lose (Jack Reacher, #12)
3147,3147_The Rithmatist (The Rithmatist, #1)
3153,3153_The Bride (Lairds' Fianc√©es, #1)
3154,3154_Erak's Ransom (Ranger's Apprentice, #7)
3155,3155_Missing You
3156,3156_Snow
3158,3158_The Apprentice (Rizzoli & Isles, #2)
3160,3160_Elsewhere
3161,3161_Stay Close
3162,3162_The Quickie
3163,3163_Step on a Crack (Michael Bennett, #1)
3167,3167_Executive Power (Mitch Rapp, #6)
3168,3168_Savor the Moment (Bride Quartet, #3)
3171,3171_Dearly Devoted Dexter (Dexter, #2)
3172,3172_The Essential Rumi
3175,3175_Odd Hours (Odd Thomas, #4)
3178,3178_One Second After (After, #1)
318,318_Orphan Train
3180,3180_The Lover's Dictionary
3182,3182_The Wishsong of Shannara (The Original Shannara Trilogy, #3)
3184,3184_The Sugar Queen
319,319_City of Lost Souls (The Mortal Instruments, #5)
3191,3191_Saga, Vol. 4 (Saga, #4)
3192,3192_A Beautiful Wedding (Beautiful, #2.5)
3194,3194_Sisterland
3195,3195_Juliet, Naked
32,32_Of Mice and Men
320,320_Where'd You Go, Bernadette
3200,3200_Carpe Jugulum (Discworld #23; Witches #6)
3206,3206_The Devil's Arithmetic
3207,3207_The World Without Us
321,321_Where the Red Fern Grows
3210,3210_Orlando
3212,3212_Agnes Grey
3213,3213_Angels Fall
3217,3217_The Birth House
3219,3219_The Little Friend
3229,3229_The Body in the Library (Miss Marple, #3)
3234,3234_Farmer Boy (Little House, #3)
324,324_Fangirl
3240,3240_The Burden of Proof
3241,3241_Crooked Kingdom (Six of Crows, #2)
3244,3244_Trickster's Choice (Daughter of the Lioness, #1)
3246,3246_The Rise of Endymion (Hyperion Cantos, #4)
3247,3247_Endymion (Hyperion Cantos, #3)
325,325_A Prayer for Owen Meany
3250,3250_Shopgirl
3252,3252_The Adventures of Tom Sawyer & Adventures of Huckleberry Finn
3253,3253_The Woman Upstairs
326,326_White Oleander
3262,3262_The Talented Mr. Ripley (Ripley, #1)
3265,3265_Dark Prince (Dark, #1)
327,327_Legend (Legend, #1)
3271,3271_Ink Exchange (Wicked Lovely, #2)
3273,3273_Bleachers
3277,3277_Gone for Good
329,329_The Last Lecture
3290,3290_Fly Away (Firefly Lane, #2)
3291,3291_Stone of Farewell (Memory, Sorrow, and Thorn, #2)
3293,3293_One True Thing
3295,3295_The Novice (Black Magician Trilogy, #2)
3297,3297_One Week Girlfriend (One Week Girlfriend, #1)
33,33_Memoirs of a Geisha
330,330_The Eye of the World (Wheel of Time, #1)
3303,3303_The Very Busy Spider
3304,3304_Freckle Juice
3306,3306_Just So Stories
3311,3311_The Hundred Secret Senses
3313,3313_The Gargoyle
3314,3314_Quicksilver (The Baroque Cycle, #1)
3323,3323_A Christmas Carol and Other Christmas Writings
3324,3324_One More Thing: Stories and Other Stories
3329,3329_The Heart Goes Last
333,333_Still Alice
3332,3332_The Coldest Girl in Coldtown
3333,3333_Skinny Dip
3334,3334_The Marriage of Opposites
3337,3337_UnWholly (Unwind, #2)
3339,3339_The Atlantis Complex (Artemis Fowl, #7)
3340,3340_Merrick (The Vampire Chronicles #7)
3341,3341_The Bands of Mourning (Mistborn, #6)
3348,3348_The Little House
3351,3351_The Mysterious Island (Extraordinary Voyages, #12)
3353,3353_Sylvester and the Magic Pebble
3356,3356_Escape
336,336_1st to Die (Women's Murder Club, #1)
3362,3362_The Last Continent (Discworld, #22; Rincewind #6)
3364,3364_Our Town
337,337_The Ultimate Hitchhiker's Guide to the Galaxy
3371,3371_The Last Town (Wayward Pines, #3)
3379,3379_P√®re Goriot
338,338_One Day
3380,3380_Nemesis (Harry Hole, #4)
3381,3381_The Collected Poems
3382,3382_Night Play (Dark-Hunter #5, Were-Hunter #1)
3384,3384_Perfection (Neighbor from Hell, #2)
3386,3386_Magic Hour
3388,3388_Absalom, Absalom!
339,339_Goodnight Moon
3391,3391_Tricky Twenty-Two (Stephanie Plum, #22)
3393,3393_The Halfling's Gem (Forgotten Realms: Icewind Dale, #3; Legend of Drizzt, #6)
3396,3396_Worlds' End (The Sandman #8)
3397,3397_The Chrysalids
34,34_Fifty Shades of Grey (Fifty Shades, #1)
340,340_I Am Number Four (Lorien Legacies, #1)
3400,3400_The End of the Affair
3401,3401_Who Do You Love
3403,3403_The Lathe of Heaven
3414,3414_Dragonsong (Harper Hall, #1)
3416,3416_Pirate Latitudes
3420,3420_The Enchantress (The Secrets of the Immortal Nicholas Flamel, #6)
3425,3425_Wonder Boys
3426,3426_Taking Chances (Taking Chances, #1)
3429,3429_The Winter People
3434,3434_Clash (Crash, #2)
344,344_Naked
3442,3442_Bringing Up B√©b√©: One American Mother Discovers the Wisdom of French Parenting
3445,3445_Succubus Blues (Georgina Kincaid, #1)
3449,3449_Term Limits
3454,3454_Night Embrace (Dark-Hunter #2)
3458,3458_The Heist (Fox and O'Hare, #1)
346,346_The Wonderful Wizard of Oz (Oz, #1)
3460,3460_The Railway Children
3462,3462_Snuff (Discworld, #39; City Watch #8)
3465,3465_Rich Man, Poor Man
3467,3467_The Black Box (Harry Bosch, #18; Harry Bosch Universe, #22)
3468,3468_The Rapture of Canaan
347,347_Prince Caspian (Chronicles of Narnia, #2)
3472,3472_The Complete Stories
3480,3480_Zen Mind, Beginner's Mind: Informal Talks on Zen Meditation and Practice
3489,3489_Doomsday Book (Oxford Time Travel, #1)
3490,3490_The Escape (John Puller, #3)
3492,3492_The Seeress of Kell (The Malloreon, #5)
3494,3494_The Burning Room (Harry Bosch, #19; Harry Bosch Universe, #24)
3496,3496_This Side of the Grave (Night Huntress, #5)
35,35_The Alchemist
3508,3508_Swann's Way (In Search of Lost Time, #1)
3509,3509_The Little Mouse, the Red Ripe Strawberry, and the Big Hungry Bear
351,351_Clockwork Prince (The Infernal Devices, #2)
3512,3512_Robopocalypse (Robopocalypse, #1)
3513,3513_Fear Nothing (Moonlight Bay, #1)
3514,3514_First Drop of Crimson (Night Huntress World, #1)
3515,3515_Plum Lucky (Stephanie Plum, #13.5)
3519,3519_The Razor's Edge
352,352_Yes Please
3522,3522_Some Girls Bite (Chicagoland Vampires, #1)
3523,3523_Go Tell It on the Mountain
3524,3524_Lost in a Good Book (Thursday Next, #2)
3525,3525_The Reason I Jump: The Inner Voice of a Thirteen-Year-Old Boy with Autism
3526,3526_The Hidden Oracle (The Trials of Apollo, #1)
3527,3527_Once Burned (Night Prince, #1)
3543,3543_How the Irish Saved Civilization
3545,3545_Gulp: Adventures on the Alimentary Canal
3551,3551_The Children of Men
3555,3555_I Was Told There'd Be Cake
3559,3559_The Thousand-Dollar Tan Line (Veronica Mars, #1)
356,356_The Bad Beginning (A Series of Unfortunate Events, #1)
3561,3561_The Tender Bar
3562,3562_Martin the Warrior (Redwall, #6)
3563,3563_The Exiled Queen (Seven Realms, #2)
3570,3570_Mayflower: A Story of Courage, Community, and War
3573,3573_Burning Chrome (Sprawl, #0)
3575,3575_Sleeping Beauty (Disney Princess, 5)
3576,3576_Out of Breath (Breathing, #3)
3578,3578_Tigana
3579,3579_I Feel Bad about My Neck: And Other Thoughts on Being a Woman
358,358_Oh, The Places You'll Go!
3582,3582_The Ragamuffin Gospel: Good News for the Bedraggled, Beat-Up, and Burnt Out
3588,3588_Truth and Beauty
3590,3590_The Tin Drum
3591,3591_The Case for Faith: A Journalist Investigates the Toughest Objections to Christianity
3592,3592_Smaragdgr√ºn (Edelstein-Trilogie, #3)
3594,3594_The Return of Sherlock Holmes
3597,3597_Lies & the Lying Liars Who Tell Them: A Fair & Balanced Look at the Right
3599,3599_Troublemaker: Surviving Hollywood and Scientology
360,360_Do Androids Dream of Electric Sheep?
3605,3605_Northern Lights
3607,3607_Opposition (Lux, #5)
3612,3612_K is for Killer (Kinsey Millhone, #11)
3614,3614_Nicolae (Left Behind, #3)
3616,3616_Covet (Fallen Angels, #1)
3618,3618_Wishful Drinking
362,362_The Screwtape Letters
3626,3626_The Adoration of Jenna Fox (Jenna Fox Chronicles, #1)
3627,3627_The Emperor of Nihon-Ja (Ranger's Apprentice, #10)
363,363_Anna and the French Kiss (Anna and the French Kiss, #1)
3632,3632_Use of Weapons (Culture, #3)
3638,3638_Housekeeping
364,364_How the Grinch Stole Christmas!
3642,3642_Moll Flanders
3646,3646_Garlic and Sapphires: The Secret Life of a Critic in Disguise
3647,3647_Panserhjerte (Harry Hole, #8)
3648,3648_Wolf-Speaker (Immortals, #2)
365,365_V for Vendetta
3650,3650_A Supposedly Fun Thing I'll Never Do Again:  Essays and Arguments
3655,3655_Second Chance Summer
3656,3656_Bergdorf Blondes
3657,3657_The Chocolate War (Chocolate War, #1)
366,366_John Adams
3660,3660_The Wake (The Sandman #10)
3662,3662_Lady and the Tramp
3665,3665_Out of Sight, Out of Time (Gallagher Girls, #5)
3666,3666_Just for Now (Sea Breeze, #4)
3670,3670_Cibola Burn (The Expanse, #4)
3673,3673_White Witch, Black Curse (The Hollows, #7)
368,368_The Subtle Knife (His Dark Materials, #2)
3680,3680_Blow Fly (Kay Scarpetta, #12)
3682,3682_Lost in Shangri-la: A True Story of Survival, Adventure, and the Most Incredible Rescue Mission of World War II
3683,3683_The Disappearing Spoon: And Other True Tales of Madness, Love, and the History of the World from the Periodic Table of the Elements
3684,3684_The Hellbound Heart
3686,3686_Remarkable Creatures
3688,3688_The Cabinet of Curiosities (Pendergast, #3)
3698,3698_The Real Mother Goose
3702,3702_Fire Study (Study, #3)
3703,3703_The Human Stain (The American Trilogy, #3)
3704,3704_The Bane Chronicles
3705,3705_The Narrows (Harry Bosch, #10; Harry Bosch Universe, #12)
3706,3706_The Opportunist (Love Me with Lies, #1)
3711,3711_Ship Breaker (Ship Breaker, #1)
3714,3714_The Name of the Star (Shades of London, #1)
3715,3715_Nicholas Nickleby
3716,3716_Dean Koontz's Frankenstein, Volume 1: Prodigal Son
3723,3723_The Disreputable History of Frankie Landau-Banks
3728,3728_The Looking Glass Wars (The Looking Glass Wars, #1)
3729,3729_The Other Queen (The Plantagenet and Tudor Novels, #15)
373,373_The BFG
3735,3735_Creepshow
3739,3739_Many Waters (A Wrinkle in Time Quintet, #4)
3740,3740_Panda Bear, Panda Bear, What Do You See?
3743,3743_The Grouchy Ladybug
3747,3747_The Perfume Collector
375,375_The Call of the Wild
3752,3752_Poirot Investiga (H√©rcules Poirot, #3)
3754,3754_The Naked Sun (Robot #2)
3755,3755_Bartleby the Scrivener
3758,3758_On a Pale Horse (Incarnations of Immortality, #1)
3767,3767_Practical Magic
3768,3768_Trapped (The Iron Druid Chronicles, #5)
3769,3769_Midnight for Charlie Bone (The Children of the Red King, #1)
377,377_Stardust
3771,3771_The Black Company (The Chronicles of the Black Company, #1)
3774,3774_The Best Christmas Pageant Ever (The Herdmans #1)
3776,3776_King Rat (Asian Saga, #4)
3778,3778_Never Never: Part Two (Never Never, #2)
378,378_The Namesake
3780,3780_Lord John and the Private Matter (Lord John Grey, #1)
3782,3782_The Ghost Map: The Story of London's Most Terrifying Epidemic - and How It Changed Science, Cities, and the Modern World
3783,3783_Eve (Eve, #1)
379,379_A Discovery of Witches (All Souls Trilogy, #1)
3790,3790_The Midwife's Apprentice
3792,3792_A Spot of Bother
3794,3794_Tales of the City (Tales of the City, #1)
3795,3795_Perelandra (Space Trilogy, #2)
38,38_The Time Traveler's Wife
380,380_Norwegian Wood
3804,3804_Whispers
3805,3805_The Weed That Strings the Hangman's Bag (Flavia de Luce, #2)
3808,3808_A Good Man is Hard to Find and Other Stories
3812,3812_Every Last One
3814,3814_Black Magic Sanction (The Hollows, #8)
3816,3816_End of Days (Penryn & the End of Days, #3)
3819,3819_Pale Demon (The Hollows, #9)
3828,3828_After the Quake
3829,3829_I, Alex Cross (Alex Cross, #16)
383,383_A Million Little Pieces
3832,3832_Danse Macabre (Anita Blake, Vampire Hunter, #14)
3837,3837_The Robber Bride
3838,3838_Pleasure Unbound (Demonica, #1)
384,384_Frostbite (Vampire Academy, #2)
3846,3846_Between the Lines (Between the Lines, #1)
3853,3853_Walden & Civil Disobedience
3856,3856_Little Children
3857,3857_The Boys from Brazil
3858,3858_Interesting Times (Discworld, #17; Rincewind #5)
3859,3859_Dark Desires After Dusk (Immortals After Dark #6)
3861,3861_The Sandcastle Girls
387,387_The Crucible
3876,3876_The Last Precinct (Kay Scarpetta, #11)
3877,3877_Girls in White Dresses
388,388_Hatchet (Brian's Saga, #1)
389,389_The Final Empire (Mistborn, #1)
3892,3892_Smilla's Sense of Snow
390,390_The Strange Case of Dr. Jekyll and Mr. Hyde
3902,3902_Dark Needs at Night's Edge (Immortals After Dark #5)
3905,3905_The Middle Place
391,391_The Lorax
3912,3912_The Beach House
3913,3913_Immortality
3927,3927_The King (Black Dagger Brotherhood, #12)
393,393_Throne of Glass (Throne of Glass, #1)
3932,3932_Scott Pilgrim, Volume 3: Scott Pilgrim & The Infinite Sadness
394,394_Shadow Kiss (Vampire Academy, #3)
3947,3947_The Mysterious Benedict Society and the Perilous Journey (The Mysterious Benedict Society, #2)
395,395_For Whom the Bell Tolls
3952,3952_A Gentleman in Moscow
3955,3955_The Book of Unknown Americans
3957,3957_B is for Burglar  (Kinsey Millhone, #2)
3958,3958_When Will There Be Good News? (Jackson Brodie, #3)
396,396_Hotel on the Corner of Bitter and Sweet
3962,3962_Secrets of a Charmed Life
3964,3964_Johnny Got His Gun
3971,3971_Evergreen
3973,3973_Deliverance
3974,3974_Dragonsinger (Harper Hall, #2)
3977,3977_D.Gray-man, Volume 01
3978,3978_The Robots of Dawn (Robot #3)
3979,3979_The Rule of Four
398,398_Fast Food Nation: The Dark Side of the All-American Meal
3990,3990_The Harlequin (Anita Blake, Vampire Hunter #15)
3997,3997_Little Altars Everywhere
4,4_To Kill a Mockingbird
40,40_Eat, Pray, Love
4001,4001_The Fireman
4003,4003_Ben-Hur: A Tale of the Christ
4009,4009_Four Blondes
401,401_A Farewell to Arms
4010,4010_There Was An Old Lady Who Swallowed A Fly (Classic Books)
4018,4018_Chaos: Making a New Science
402,402_The Tell-Tale Heart and Other Writings
403,403_The Art of War
4037,4037_An Invisible Thread: The True Story of an 11-Year-Old Panhandler, a Busy Sales Executive, and an Unlikely Meeting with Destiny
404,404_Defending Jacob
4041,4041_The City of Mirrors (The Passage, #3)
4046,4046_The Far Side Gallery 3
4047,4047_Parable of the Sower (Earthseed, #1)
4048,4048_11th Hour (Women's Murder Club, #11)
405,405_Breakfast of Champions
4052,4052_Seeds of Yesterday (Dollanganger, #4)
4057,4057_Saving Fish from Drowning
406,406_The New Drawing on the Right Side of the Brain
4062,4062_QB VII
4065,4065_Black Rose (In the Garden, #2)
4070,4070_Dragonquest (Pern, #2)
4077,4077_The Gamble (Colorado Mountain, #1)
408,408_Guns, Germs, and Steel: The Fates of Human Societies
4081,4081_I am Charlotte Simmons
4082,4082_The Mistake (Off-Campus, #2)
409,409_Fried Green Tomatoes at the Whistle Stop Cafe
4094,4094_A Long Way from Chicago (A Long Way from Chicago, #1)
4095,4095_Cradle and All
4096,4096_Bringing Down the House: The Inside Story of Six M.I.T. Students Who Took Vegas for Millions
4098,4098_The Next Best Thing
410,410_Things Fall Apart (The African Trilogy, #1)
4108,4108_Portrait in Sepia
4112,4112_Encyclopedia Brown, Boy Detective (Encyclopedia Brown, #1)
4116,4116_Billy Lynn's Long Halftime Walk
4124,4124_Life Expectancy
4128,4128_The Wonder
413,413_The Three Musketeers
4130,4130_The Fourth Hand
4135,4135_The Retribution of Mara Dyer (Mara Dyer, #3)
4138,4138_Seventh Son (Tales of Alvin Maker, #1)
414,414_Little Bee
416,416_The Witches
4164,4164_Maine
417,417_The Thirteenth Tale
4172,4172_Black Hills
4182,4182_To Green Angel Tower (Memory, Sorrow, and Thorn, #3)
4187,4187_Suffer the Children
4188,4188_Catherine, Called Birdy
4192,4192_Blood And Gold (The Vampire Chronicles, #8)
4196,4196_Johnny Tremain
42,42_Little Women (Little Women, #1)
420,420_Message in a Bottle
421,421_The Paris Wife
4220,4220_Underworld
4228,4228_Preacher, Volume 2: Until the End of the World
423,423_The Elite (The Selection, #2)
4236,4236_Dear Mr. Henshaw (Leigh Botts, #1)
4237,4237_The Magician's Assistant
4240,4240_Evil Under the Sun (Hercule Poirot, #23)
4242,4242_My Friend Flicka (Flicka, #1)
4244,4244_Hedda Gabler
425,425_Go Ask Alice
4250,4250_The Painted Veil
4251,4251_Blackwood Farm (The Vampire Chronicles, #9)
4253,4253_The Kalahari Typing School for Men (No. 1 Ladies' Detective Agency, #4)
4255,4255_A Torch Against the Night (An Ember in the Ashes, #2)
4261,4261_Moo, Baa, La La La!
4265,4265_Vinegar Hill
4267,4267_Significance (Significance, #1)
4273,4273_Le Morte d'Arthur: King Arthur and the Legends of the Round Table
4275,4275_Taran Wanderer (The Chronicles of Prydain #4)
4276,4276_Brimstone (Pendergast, #5; Diogenes, #1)
4277,4277_Rebecca of Sunnybrook Farm
4279,4279_The Dead and the Gone (Last Survivors, #2)
4286,4286_Smiley's People
4288,4288_A Northern Light
4293,4293_Stolen (Women of the Otherworld, #2)
4294,4294_Hour Game (Sean King & Michelle Maxwell, #2)
43,43_Jane Eyre
430,430_Kafka on the Shore
4305,4305_Night Broken (Mercy Thompson, #8)
4307,4307_We Are Not Ourselves
4308,4308_Red Lily (In the Garden, #3)
431,431_Red Dragon (Hannibal Lecter, #1)
4315,4315_Bread and Jam for Frances
4316,4316_Half Asleep in Frog Pajamas
433,433_Dark Lover (Black Dagger Brotherhood, #1)
4332,4332_History of the Peloponnesian War
4336,4336_Labyrinths:  Selected Stories and Other Writings
4337,4337_Fortune's Rocks
4345,4345_Princess in Waiting (The Princess Diaries, #4)
4349,4349_Chasing the Dime
435,435_Before I Fall
4354,4354_NW
4358,4358_Nine Dragons (Harry Bosch, #15; Mickey Haller, #3; Harry Bosch Universe, #18)
436,436_The God of Small Things
4360,4360_Second Chance
4363,4363_The Patron Saint of Liars
4365,4365_Knight (Unfinished Hero, #1)
4378,4378_Promise of Blood (Powder Mage, #1)
438,438_What Alice Forgot
4383,4383_On the Beach
4385,4385_New York
439,439_A Brief History of Time
44,44_The Notebook (The Notebook, #1)
440,440_Fall of Giants (The Century Trilogy, #1)
441,441_Under the Dome
4413,4413_Mistress of the Art of Death (Mistress of the Art of Death, #1)
4416,4416_Kiss an Angel
442,442_Snow Crash
4420,4420_Natchez Burning
4425,4425_Blood Noir (Anita Blake, Vampire Hunter #16)
443,443_Just Listen
4431,4431_The Guy Not Taken: Stories
4433,4433_Pleasure of a Dark Prince (Immortals After Dark #9)
4438,4438_Dear Life: Stories
4439,4439_Five Little Monkeys Jumping on the Bed
444,444_Winnie-the-Pooh (Winnie-the-Pooh, #1)
4448,4448_Charade (Games, #1)
445,445_Before I Go to Sleep
4454,4454_Boneshaker (The Clockwork Century, #1)
4459,4459_The Elf Queen of Shannara (Heritage of Shannara, #3)
447,447_Brisingr (The Inheritance Cycle, #3)
4473,4473_Brick Lane
4479,4479_Archangel's Kiss (Guild Hunter, #2)
4481,4481_The Mephisto Club (Rizzoli & Isles, #6)
4491,4491_The Pearl That Broke Its Shell
4492,4492_Behemoth (Leviathan, #2)
4499,4499_The Paris Architect
45,45_Life of Pi
450,450_Storm Front (The Dresden Files, #1)
4500,4500_Falling Kingdoms (Falling Kingdoms, #1)
4502,4502_Island Beneath the Sea
4504,4504_Winesburg, Ohio
4505,4505_Beautiful Redemption (The Maddox Brothers, #2)
4506,4506_C is for Corpse  (Kinsey Millhone, #3)
4507,4507_Y: The Last Man, Vol. 5: Ring of Truth (Y: The Last Man, #5)
4508,4508_Five Quarters of the Orange
4522,4522_Saga, Vol. 5 (Saga, #5)
4523,4523_The Lions of Lucerne (Scot Harvath, #1)
4527,4527_All Over But the Shoutin'
453,453_Cold Mountain
4534,4534_Silver on the Tree (The Dark is Rising, #5)
4537,4537_Lysistrata
4539,4539_Iced (Fever, #6)
4544,4544_The Lords of Discipline
4546,4546_Broken (Will Trent, #4)
4549,4549_Belong to Me
4555,4555_Terms of Endearment
4560,4560_From Russia With Love (James Bond, #5)
4561,4561_The Tortilla Curtain
4567,4567_The Hundred Dresses
4582,4582_The Return of the Native
4584,4584_No Exit and Three Other Plays
4586,4586_Cover Her Face (Adam Dalgliesh #1)
4588,4588_First King of Shannara (The Original Shannara Trilogy, #0)
459,459_A Man Called Ove
4592,4592_The House of the Seven Gables
4595,4595_The Brutal Telling (Chief Inspector Armand Gamache, #5)
4599,4599_The Crimson Crown (Seven Realms, #4)
46,46_Water for Elephants
460,460_Clockwork Princess (The Infernal Devices, #3)
4607,4607_Lila (Gilead, #3)
4608,4608_The Scions of Shannara (Heritage of Shannara, #1)
4618,4618_Hell's Corner (Camel Club, #5)
4627,4627_The Book of the Dead (Pendergast, #7; Diogenes, #3)
4629,4629_The Expats
463,463_Dragonfly in Amber (Outlander, #2)
4642,4642_The Body
4646,4646_Chicken Soup with Rice: A Book of Months (The Nutshell Library)
465,465_In Her Shoes
4657,4657_The Manchurian Candidate (Movie Tie-In Edition)
4659,4659_Nevermore (Maximum Ride, #8)
4662,4662_Simple Perfection (Rosemary Beach, #6; Perfection, #2)
467,467_The Brief Wondrous Life of Oscar Wao
4678,4678_Seize the Night (Moonlight Bay, #2)
468,468_Their Eyes Were Watching God
4682,4682_A Dangerous Fortune
4685,4685_Canada
4691,4691_West with the Night
4697,4697_In One Person
47,47_The Book Thief
470,470_I Am Malala: The Story of the Girl Who Stood Up for Education and Was Shot by the Taliban
4703,4703_Fever Dream (Pendergast, #10)
4709,4709_Lyle, Lyle, Crocodile
4712,4712_Sandry's Book (Circle of Magic, #1)
4713,4713_Sole Survivor
4716,4716_Kim
4724,4724_The Light in the Ruins
473,473_In the Woods (Dublin Murder Squad, #1)
476,476_The World According to Garp
4775,4775_Bloodhound (Beka Cooper, #2)
4777,4777_A Rose for Emily and Other Stories
4789,4789_The Darkest Evening of the Year
479,479_The Prince
4793,4793_Bee Season
4797,4797_Trace (Kay Scarpetta, #13)
48,48_Fahrenheit 451
480,480_The Amber Spyglass (His Dark Materials, #3)
4805,4805_Kiss of a Demon King (Immortals After Dark #7)
4815,4815_Blubber
4817,4817_Apollyon (Covenant, #4)
4828,4828_Ghostwritten
483,483_Franny and Zooey
484,484_Choke
4842,4842_The Virgin Blue
4844,4844_Half Magic (Tales of Magic, #1)
4847,4847_Lilly's Purple Plastic Purse
4856,4856_TransAtlantic
486,486_The City of Ember (Book of Ember, #1)
4862,4862_The Missing Piece
4867,4867_Skin Trade (Anita Blake, Vampire Hunter #17)
4868,4868_Jesus the Christ
487,487_The Andromeda Strain
4872,4872_Villa Incognito
488,488_The Green Mile
4889,4889_A Perfect Blood (The Hollows, #10)
490,490_Maus I: A Survivor's Tale: My Father Bleeds History (Maus, #1)
4900,4900_Where They Found Her
4901,4901_Industrial Magic (Women of the Otherworld, #4)
4905,4905_Whiteout
491,491_Untamed (House of Night, #4)
4914,4914_Starless Night (Forgotten Realms: Legacy of the Drow, #2; Legend of Drizzt, #8)
4925,4925_Nation
493,493_Mere Christianity
4937,4937_The Egypt Game (Game, #1)
4938,4938_Ellen Foster
4946,4946_Lothaire (Immortals After Dark #12)
4955,4955_The Illearth War (The Chronicles of Thomas Covenant the Unbeliever, #2)
4964,4964_Shades of Grey
499,499_American Psycho
4992,4992_A Lion Among Men (The Wicked Years, #3)
4994,4994_This Boy's Life
4996,4996_Death Comes for the Archbishop
5,5_The Great Gatsby
5003,5003_Just for You (Little Critter)
5006,5006_Blue Smoke
5020,5020_A Year Down Yonder (A Long Way from Chicago, #2)
5023,5023_My Name Is Memory
5026,5026_Dead and Alive (Dean Koontz's Frankenstein, #3)
503,503_2001: A Space Odyssey (Space Odyssey, #1)
5034,5034_The Dead-Tossed Waves (The Forest of Hands and Teeth, #2)
5044,5044_Grave Surprise (Harper Connelly, #2)
5049,5049_Dragondrums (Harper Hall, #3)
5052,5052_Mila 18
5069,5069_Lassie Come-Home
508,508_Nickel and Dimed: On (Not) Getting By in America
5088,5088_The Man Who Was Thursday: A Nightmare
5092,5092_Seduced by Moonlight (Merry Gentry, #3)
5099,5099_The Last Hero (Discworld, #27; Rincewind #7)
51,51_City of Bones (The Mortal Instruments, #1)
510,510_The Great Hunt (Wheel of Time, #2)
5100,5100_Fantastic Voyage
5117,5117_Fallen (Will Trent, #5)
5122,5122_Fear and Loathing on the Campaign Trail '72
514,514_The Adventures of Sherlock Holmes
5144,5144_Red Rabbit (Jack Ryan Universe, #3)
515,515_The Prince of Tides
5152,5152_The Yearling
5161,5161_Did You Ever Have a Family
517,517_Perfect Chemistry (Perfect Chemistry, #1)
5175,5175_Sunshine
5177,5177_Salvage the Bones
518,518_Peter Pan
5191,5191_The Cat's Table
52,52_Eclipse (Twilight, #3)
5201,5201_Atlantis Found (Dirk Pitt, #15)
5203,5203_Domes of Fire (The Tamuli, #1)
5206,5206_Sick Puppy
5209,5209_Odd Apocalypse (Odd Thomas, #5)
522,522_Cloud Atlas
5220,5220_Sea Glass
5221,5221_River Secrets (The Books of Bayern, #3)
5223,5223_Inescapable (The Premonition, #1)
5229,5229_That Hideous Strength (Space Trilogy, #3)
523,523_The Things They Carried
5232,5232_Polgara the Sorceress (Malloreon)
525,525_Pandemonium (Delirium, #2)
5265,5265_The Foot Book: Dr. Seuss's Wacky Book of Opposites (Bright and Early Board Books)
5292,5292_The Lace Reader (The Lace Reader, #1)
53,53_Eragon (The Inheritance Cycle, #1)
5304,5304_Midnight
531,531_Beowulf
5311,5311_Esio Trot
5314,5314_Run for Your Life (Michael Bennett, #2)
532,532_Batman: Year One
533,533_Go Set a Watchman
5337,5337_Dance of Death (Pendergast, #6; Diogenes, #2)
5343,5343_The Terminal Man
5345,5345_White Cat (Curse Workers, #1)
535,535_Daughter of Smoke & Bone (Daughter of Smoke & Bone, #1)
5356,5356_The Uplift War (The Uplift Saga, #3)
536,536_Red Queen (Red Queen, #1)
538,538_Midnight in the Garden of Good and Evil
5382,5382_The Sea Wolf
5388,5388_Enchantment
539,539_Hopeless (Hopeless, #1)
5395,5395_The Penelopiad
5398,5398_Fables, Vol. 2: Animal Farm
54,54_The Hitchhiker's Guide to the Galaxy (Hitchhiker's Guide to the Galaxy, #1)
5404,5404_Main Street
541,541_The Truth About Forever
5410,5410_Flirt (Anita Blake, Vampire Hunter #18)
543,543_Last Sacrifice (Vampire Academy, #6)
544,544_Little House on the Prairie (Little House, #2)
5446,5446_Yertle the Turtle and Other Stories
5447,5447_The Rent Collector
545,545_The Velveteen Rabbit
5456,5456_How the Garc√≠a Girls Lost Their Accents
5491,5491_Henry Huggins (Henry Huggins, #1)
5492,5492_Bedtime for Frances
5498,5498_City of Golden Shadow (Otherland, #1)
5499,5499_An Ice Cold Grave (Harper Connelly, #3)
55,55_Brave New World
550,550_The Omnivore's Dilemma: A Natural History of Four Meals
551,551_Life After Life
5510,5510_The Far Side Gallery
552,552_The Rescue
553,553_Needful Things
5536,5536_Mariel of Redwall (Redwall, #4)
5545,5545_And the Band Played On: Politics, People, and the AIDS Epidemic
555,555_Hamlet: Screenplay, Introduction And Film Diary
556,556_Cujo
5568,5568_The Colorado Kid (Hard Case Crime #13)
5576,5576_Ever After (The Hollows, #11)
5583,5583_Saving Francesca
5587,5587_Skeletons at the Feast
56,56_Breaking Dawn (Twilight, #4)
561,561_The Phantom Tollbooth
562,562_The Way of Kings (The Stormlight Archive, #1)
5642,5642_Swimsuit
565,565_The Well of Ascension (Mistborn, #2)
566,566_After You (Me Before You, #2)
5684,5684_A Lick of Frost (Merry Gentry, #6)
5685,5685_The Abyss
570,570_High Fidelity
5707,5707_The System of the World (The Baroque Cycle, #3)
571,571_The Guardian
573,573_Men Are from Mars, Women Are from Venus
5741,5741_The Things We Do for Love
5751,5751_I Don't Know How She Does It
5763,5763_Roadwork
577,577_Tuck Everlasting
5775,5775_Cold Fire
578,578_Christine
58,58_The Adventures of Huckleberry Finn
5804,5804_Sometimes a Great Notion
582,582_Rich Dad, Poor Dad
5827,5827_The First Four Years  (Little House, #9)
5834,5834_Tick Tock (Michael Bennett, #4)
5861,5861_Appointment with Death (Hercule Poirot, #19)
589,589_Easy (Contours of the Heart, #1)
5903,5903_Danse Macabre
5907,5907_Our Mutual Friend
592,592_The Master and Margarita
5928,5928_Blood Canticle (The Vampire Chronicles, #10)
593,593_A Wizard of Earthsea (Earthsea Cycle, #1)
594,594_Because of Winn-Dixie
596,596_The Rainmaker
5960,5960_Dragon Haven (Rain Wild Chronicles, #2)
5972,5972_A Child's Garden of Verses
5977,5977_Some Luck (Last Hundred Years: A Family Saga, #1)
599,599_The Restaurant at the End of the Universe (Hitchhiker's Guide, #2)
5999,5999_Marathon Man
6,6_The Fault in Our Stars
600,600_Torment (Fallen, #2)
602,602_The Silver Chair (Chronicles of Narnia, #4)
604,604_Girl, Interrupted
6043,6043_Get Shorty (Chili Palmer, #1)
605,605_Are You There, Vodka? It's Me, Chelsea
607,607_City of Heavenly Fire (The Mortal Instruments, #6)
6078,6078_Curtain (Hercule Poirot, #39)
61,61_The Girl on the Train
612,612_The Drawing of the Three (The Dark Tower, #2)
613,613_The Forgotten Garden
614,614_The Trial
62,62_The Golden Compass (His Dark Materials, #1)
620,620_The Mists of Avalon (Avalon, #1)
625,625_Midwives
6273,6273_In Our Time
63,63_Wuthering Heights
630,630_Lean In: Women, Work, and the Will to Lead
631,631_Dead as a Doornail (Sookie Stackhouse, #5)
632,632_Shatter Me (Shatter Me, #1)
6323,6323_Apt Pupil
634,634_I've Got Your Number
636,636_The Twilight Saga Breaking Dawn Part 1: The Official Illustrated Movie Companion (The Twilight Saga: The Official Illustrated Movie Companion, #4)
6369,6369_All the Weyrs of Pern (Pern, #11)
637,637_The Martian Chronicles
638,638_A Visit from the Goon Squad
639,639_Heidi
640,640_Prey
641,641_The Last Battle (Chronicles of Narnia, #7)
6413,6413_Home (Gilead, #2)
6423,6423_The Winner's Kiss (The Winner's Trilogy, #3)
6440,6440_The Butlerian Jihad (Legends of Dune, #1)
645,645_Beastly (Beastly, #1; Kendra Chronicles, #1)
646,646_The Canterbury Tales
648,648_Inheritance (The Inheritance Cycle, #4)
6484,6484_The Masterharper of Pern (Pern, #15)
6488,6488_Shakespeare's Landlord (Lily Bard, #1)
649,649_1Q84
65,65_Slaughterhouse-Five
650,650_Uncle Tom's Cabin
654,654_Freedom
656,656_I'd Tell You I Love You, But Then I'd Have to Kill You (Gallagher Girls, #1)
657,657_The White Tiger
658,658_The Corrections
659,659_Dreams from My Father: A Story of Race and Inheritance
6596,6596_Murder of Crows (The Others, #2)
66,66_Gone with the Wind
660,660_Congo
661,661_Alexander and the Terrible, Horrible, No Good, Very Bad Day
665,665_The Passage (The Passage, #1)
666,666_Anansi Boys
6665,6665_Cry to Heaven
667,667_Along for the Ride
668,668_Everything I Never Told You
6691,6691_The Omen Machine (Sword of Truth, #12; Richard and Kahlan, #1)
67,67_A Thousand Splendid Suns
671,671_The Mysterious Affair at Styles (Hercule Poirot, #1)
672,672_Murder on the Orient Express (Hercule Poirot, #10)
673,673_Americanah
674,674_Suzanne's Diary for Nicholas
6743,6743_Succubus on Top (Georgina Kincaid, #2)
677,677_Born to Run: A Hidden Tribe, Superathletes, and the Greatest Race the World Has Never Seen
679,679_Madeline
68,68_The Perks of Being a Wallflower
6807,6807_Strange Highways
6828,6828_First Among Sequels (Thursday Next, #5)
683,683_A Bend in the Road
6837,6837_Someone
684,684_The House of Hades (The Heroes of Olympus, #4)
6850,6850_The Day Jimmy's Boa Ate the Wash
686,686_The Wedding (The Notebook, #2)
6860,6860_Fr√©d√©ric
688,688_Under the Banner of Heaven: A Story of Violent Faith
689,689_Beautiful Ruins
69,69_Insurgent (Divergent, #2)
691,691_On Writing: A Memoir of the Craft
692,692_Firefly Lane (Firefly Lane, #1)
696,696_The Vampire Lestat (The Vampire Chronicles, #2)
697,697_State of Wonder
6973,6973_Wielding a Red Sword (Incarnations of Immortality, #4)
7,7_The Hobbit
70,70_Ender's Game (Ender's Saga, #1)
700,700_The Constant Princess (The Plantagenet and Tudor Novels, #6)
701,701_Mrs. Dalloway
702,702_The Hundred-Year-Old Man Who Climbed Out of the Window and Disappeared
705,705_Thinner
706,706_Around the World in Eighty Days
7080,7080_Icebound
712,712_Drums of Autumn (Outlander, #4)
713,713_Prodigy (Legend, #2)
715,715_Death of a Salesman
716,716_The Choice
717,717_The Hunger Games: Official Illustrated Movie Companion
720,720_Bleach, Volume 01
721,721_Hyperbole and a Half: Unfortunate Situations, Flawed Coping Mechanisms, Mayhem, and Other Things That Happened
727,727_The Reader
728,728_Brown Bear, Brown Bear, What Do You See?
73,73_The Host (The Host, #1)
730,730_The Pearl
732,732_The Short Second Life of Bree Tanner: An Eclipse Novella (Twilight, #3.5)
736,736_Invisible Man
738,738_Mrs. Frisby and the Rats of NIMH (Rats of NIMH, #1)
739,739_Different Seasons
74,74_Looking for Alaska
740,740_The Little House Collection (Little House, #1-9)
741,741_The Girls' Guide to Hunting and Fishing
742,742_Wool Omnibus (Silo, #1)
747,747_Sabriel (Abhorsen,  #1)
748,748_Dead and Gone (Sookie Stackhouse, #9)
751,751_Life, the Universe and Everything (Hitchhiker's Guide, #3)
7513,7513_The Hollow Hills (Arthurian Saga, #2)
752,752_Crown of Midnight (Throne of Glass, #2)
754,754_Half Broke Horses
76,76_Sense and Sensibility
761,761_Twenties Girl
7611,7611_And to Think That I Saw it on Mulberry Street
762,762_Schindler's List
764,764_The White Queen (The Plantagenet and Tudor Novels, #2)
766,766_Preludes & Nocturnes (The Sandman #1)
767,767_Seabiscuit: An American Legend
77,77_Holes (Holes, #1)
770,770_Julius Caesar
772,772_The Republic
773,773_The Taming of the Shrew
774,774_Cress (The Lunar Chronicles, #3)
778,778_The Hunchback of Notre-Dame
783,783_Hunted (House of Night, #5)
784,784_For One More Day
787,787_Sh*t My Dad Says
790,790_The Four Agreements: A Practical Guide to Personal Freedom
793,793_From the Mixed-Up Files of Mrs. Basil E. Frankweiler
795,795_About a Boy
796,796_On Dublin Street (On Dublin Street, #1)
797,797_Crazy Love: Overwhelmed by a Relentless God
798,798_One Fish, Two Fish, Red Fish, Blue Fish
801,801_This is Where I Leave You
805,805_Burned (House of Night, #7)
806,806_Wizard and Glass (The Dark Tower, #4)
807,807_The Circle
808,808_The Invention of Hugo Cabret
809,809_Brave New World / Brave New World Revisited
8093,8093_Dark Rivers of the Heart
8099,8099_A Ring of Endless Light (Austin Family, #4)
813,813_Landline
815,815_No Country for Old Men
816,816_Wolf Hall (Thomas Cromwell, #1)
817,817_Howl's Moving Castle (Howl's Moving Castle, #1)
818,818_Dreamcatcher
821,821_The Best of Me
822,822_The Sense of an Ending
824,824_Oedipus Rex  (The Theban Plays, #1)
826,826_The Wind in the Willows
828,828_Persepolis: The Story of a Childhood (Persepolis, #1)
83,83_A Tale of Two Cities
830,830_The DUFF: Designated Ugly Fat Friend
831,831_Lock and Key
833,833_The Chamber
834,834_Midnight Sun (Twilight, #1.5)
835,835_Naruto, Vol. 01: The Tests of the Ninja (Naruto, #1)
836,836_The Unlikely Pilgrimage of Harold Fry (Harold Fry, #1)
837,837_Every Day (Every Day, #1)
839,839_The Merchant of Venice
842,842_A Court of Thorns and Roses (A Court of Thorns and Roses, #1)
846,846_Animal Farm / 1984
848,848_The Bonesetter's Daughter
849,849_Angus, Thongs and Full-Frontal Snogging (Confessions of Georgia Nicolson, #1)
850,850_Mr. Penumbra's 24-Hour Bookstore (Mr. Penumbra's 24-Hour Bookstore, #1)
854,854_Invisible Monsters
855,855_Twelfth Night
859,859_The Way of Shadows (Night Angel, #1)
860,860_The Bean Trees (Greer Family, #1)
863,863_Guess How Much I Love You
865,865_Night Shift
867,867_The History of Love
868,868_Pippi Longstocking
869,869_The Elegance of the Hedgehog
87,87_Night (The Night Trilogy #1)
871,871_Dead in the Family (Sookie Stackhouse, #10)
876,876_Curious George
877,877_The Neverending Story
878,878_A Beautiful Mind
879,879_The Jungle
883,883_The Blind Assassin
884,884_Hollow City (Miss Peregrine‚Äôs Peculiar Children, #2)
886,886_The Girl with All the Gifts
888,888_Harold and the Purple Crayon
89,89_The Princess Bride
8906,8906_A Modest Proposal and Other Satirical Works
893,893_Fullmetal Alchemist, Vol. 1 (Fullmetal Alchemist, #1)
895,895_The Year of Magical Thinking
896,896_We Need to Talk About Kevin
9,9_Angels & Demons  (Robert Langdon, #1)
900,900_The Selfish Gene
901,901_Year of Wonders
903,903_Anthem
904,904_Gabriel's Inferno (Gabriel's Inferno, #1)
909,909_The Throne of Fire (Kane Chronicles, #2)
91,91_The Maze Runner (Maze Runner, #1)
910,910_Old Man's War (Old Man's War, #1)
915,915_Insomnia
917,917_The Blade Itself (The First Law, #1)
921,921_All the Bright Places
925,925_Daughter of Fortune
93,93_The Secret Garden
931,931_Not That Kind of Girl: A Young Woman Tells You What She's "Learned"
932,932_Good to Great: Why Some Companies Make the Leap... and Others Don't
935,935_White Fang
941,941_The Hours
943,943_Holidays on Ice
944,944_Desperation
952,952_Shopaholic & Baby (Shopaholic, #5)
953,953_The Dark Tower (The Dark Tower, #7)
954,954_Twilight Director's Notebook : The Story of How We Made the Movie Based on the Novel by Stephenie Meyer
955,955_Shopaholic Takes Manhattan (Shopaholic, #2)
956,956_Surely You're Joking, Mr. Feynman!: Adventures of a Curious Character
957,957_Linger (The Wolves of Mercy Falls, #2)
959,959_A Portrait of the Artist as a Young Man
960,960_The Gathering Storm (Wheel of Time, #12)
963,963_The Partner
966,966_Presumed Innocent
967,967_The Dark Half
969,969_The World Is Flat: A Brief History of the Twenty-first Century
971,971_The Rainbow Fish
972,972_Journey to the Center of the Earth (Extraordinary Voyages, #3)
974,974_The Man in the High Castle
975,975_Helter Skelter: The True Story of the Manson Murders
977,977_Inferno (The Divine Comedy #1)
979,979_Leaving Time
98,98_The Girl Who Played with Fire (Millennium, #2)
980,980_Moon Called (Mercy Thompson, #1)
983,983_Between the World and Me
984,984_Paradise Lost
986,986_The Girl Who Loved Tom Gordon
988,988_Towers of Midnight (Wheel of Time, #13)
989,989_The Day of the Jackal
99,99_Fifty Shades Darker (Fifty Shades, #2)
990,990_Rework
993,993_Tell the Wolves I'm Home
996,996_Three to Get Deadly (Stephanie Plum, #3)
998,998_The Monster at the End of this Book
